2026-03-14 22:38:58,541 [INFO] Бот запущен и готов к работе.
2026-03-14 22:46:10,096 [INFO] Бот запущен и готов к работе.
2026-03-15 09:21:10,417 [INFO] Бот запущен и готов к работе.
2026-03-15 09:21:14,360 [INFO] Рабочий баланс: 2999.52536235 USDT
2026-03-15 09:21:14,360 [INFO] Анализ рынка...
2026-03-15 09:21:14,602 [INFO] 
Время: 2026-03-15 06:15:00
2026-03-15 09:21:14,604 [INFO] MACD_prev=815.129489, Signal_prev=718.836319
2026-03-15 09:21:14,604 [INFO] MACD_curr=831.679275, Signal_curr=741.404910
2026-03-15 09:21:14,924 [INFO] Нового сигнала нет.
2026-03-15 09:22:14,924 [INFO] Анализ рынка...
2026-03-15 09:22:15,178 [INFO] 
Время: 2026-03-15 06:15:00
2026-03-15 09:22:15,179 [INFO] MACD_prev=815.129489, Signal_prev=718.836319
2026-03-15 09:22:15,180 [INFO] MACD_curr=831.045331, Signal_curr=741.278121
2026-03-15 09:22:15,410 [INFO] Нового сигнала нет.
2026-03-15 09:38:15,082 [INFO] Бот запущен и готов к работе.
2026-03-15 09:38:18,785 [INFO] Рабочий баланс: 2999.52536235 USDT
2026-03-15 09:38:18,786 [INFO] Анализ рынка...
2026-03-15 09:38:19,158 [INFO] 
Время: 2026-03-15 06:30:00
2026-03-15 09:38:19,158 [INFO] MACD_prev=828.830432, Signal_prev=740.835166
2026-03-15 09:38:19,159 [INFO] MACD_curr=824.301695, Signal_curr=757.528472
2026-03-15 09:38:19,369 [INFO] Текущая позиция: None
2026-03-15 09:38:19,370 [INFO] Нового сигнала нет.
2026-03-15 09:39:19,371 [INFO] Анализ рынка...
2026-03-15 09:39:19,602 [INFO] 
Время: 2026-03-15 06:30:00
2026-03-15 09:39:19,602 [INFO] MACD_prev=828.830432, Signal_prev=740.835166
2026-03-15 09:39:19,603 [INFO] MACD_curr=824.152427, Signal_curr=757.498618
2026-03-15 09:39:19,862 [INFO] Текущая позиция: None
2026-03-15 09:39:19,863 [INFO] Нового сигнала нет.
2026-03-15 09:40:19,864 [INFO] Анализ рынка...
2026-03-15 09:40:20,101 [INFO] 
Время: 2026-03-15 06:30:00
2026-03-15 09:40:20,101 [INFO] MACD_prev=828.830432, Signal_prev=740.835166
2026-03-15 09:40:20,101 [INFO] MACD_curr=822.752796, Signal_curr=757.218692
2026-03-15 09:40:20,310 [INFO] Текущая позиция: None
2026-03-15 09:40:20,311 [INFO] Нового сигнала нет.
2026-03-15 09:41:20,312 [INFO] Анализ рынка...
2026-03-15 09:41:20,541 [INFO] 
Время: 2026-03-15 06:30:00
2026-03-15 09:41:20,542 [INFO] MACD_prev=828.830432, Signal_prev=740.835166
2026-03-15 09:41:20,542 [INFO] MACD_curr=821.961190, Signal_curr=757.060371
2026-03-15 09:41:20,755 [INFO] Текущая позиция: None
2026-03-15 09:41:20,756 [INFO] Нового сигнала нет.
2026-03-15 09:42:20,757 [INFO] Анализ рынка...
2026-03-15 09:42:21,013 [INFO] 
Время: 2026-03-15 06:30:00
2026-03-15 09:42:21,013 [INFO] MACD_prev=828.830432, Signal_prev=740.835166
2026-03-15 09:42:21,013 [INFO] MACD_curr=821.717720, Signal_curr=757.011677
2026-03-15 09:42:21,235 [INFO] Текущая позиция: None
2026-03-15 09:42:21,236 [INFO] Нового сигнала нет.
2026-03-15 09:43:21,237 [INFO] Анализ рынка...
2026-03-15 09:43:21,634 [INFO] 
Время: 2026-03-15 06:30:00
2026-03-15 09:43:21,636 [INFO] MACD_prev=828.830432, Signal_prev=740.835166
2026-03-15 09:43:21,636 [INFO] MACD_curr=821.358532, Signal_curr=756.939839
2026-03-15 09:43:22,069 [INFO] Текущая позиция: None
2026-03-15 09:43:22,070 [INFO] Нового сигнала нет.
2026-03-15 09:44:22,072 [INFO] Анализ рынка...
2026-03-15 09:44:22,295 [INFO] 
Время: 2026-03-15 06:30:00
2026-03-15 09:44:22,295 [INFO] MACD_prev=828.830432, Signal_prev=740.835166
2026-03-15 09:44:22,296 [INFO] MACD_curr=821.123726, Signal_curr=756.892878
2026-03-15 09:44:22,695 [INFO] Текущая позиция: None
2026-03-15 09:44:22,696 [INFO] Нового сигнала нет.
2026-03-15 09:45:22,697 [INFO] Анализ рынка...
2026-03-15 09:45:22,932 [INFO] 
Время: 2026-03-15 06:45:00
2026-03-15 09:45:22,933 [INFO] MACD_prev=820.873345, Signal_prev=756.842845
2026-03-15 09:45:22,934 [INFO] MACD_curr=799.040674, Signal_curr=765.282410
2026-03-15 09:45:23,144 [INFO] Текущая позиция: None
2026-03-15 09:45:23,144 [INFO] Нового сигнала нет.
2026-03-15 09:46:23,146 [INFO] Анализ рынка...
2026-03-15 09:46:23,389 [INFO] 
Время: 2026-03-15 06:45:00
2026-03-15 09:46:23,390 [INFO] MACD_prev=820.873345, Signal_prev=756.842845
2026-03-15 09:46:23,390 [INFO] MACD_curr=799.266003, Signal_curr=765.327476
2026-03-15 09:46:23,601 [INFO] Текущая позиция: None
2026-03-15 09:46:23,602 [INFO] Нового сигнала нет.
2026-03-15 09:47:23,603 [INFO] Анализ рынка...
2026-03-15 09:47:23,895 [INFO] 
Время: 2026-03-15 06:45:00
2026-03-15 09:47:23,896 [INFO] MACD_prev=820.873345, Signal_prev=756.842845
2026-03-15 09:47:23,897 [INFO] MACD_curr=799.679615, Signal_curr=765.410199
2026-03-15 09:47:24,129 [INFO] Текущая позиция: None
2026-03-15 09:47:24,130 [INFO] Нового сигнала нет.
2026-03-15 10:02:50,063 [INFO] Бот запущен и готов к работе.
2026-03-15 10:02:54,810 [INFO] Рабочий баланс: 2999.52536235 USDT
2026-03-15 10:02:54,811 [INFO] Анализ рынка...
2026-03-15 10:02:55,038 [INFO] 
Время: 2026-03-15 07:00:00
2026-03-15 10:02:55,038 [INFO] MACD_prev=803.690756, Signal_prev=766.212381
2026-03-15 10:02:55,038 [INFO] MACD_curr=779.090674, Signal_curr=768.788039
2026-03-15 10:02:55,250 [INFO] Текущая позиция: None
2026-03-15 10:02:55,251 [INFO] Нового сигнала нет.
2026-03-15 10:03:55,252 [INFO] Анализ рынка...
2026-03-15 10:03:55,506 [INFO] 
Время: 2026-03-15 07:00:00
2026-03-15 10:03:55,506 [INFO] MACD_prev=803.690756, Signal_prev=766.212381
2026-03-15 10:03:55,506 [INFO] MACD_curr=778.951622, Signal_curr=768.760229
2026-03-15 10:03:55,714 [INFO] Текущая позиция: None
2026-03-15 10:03:55,714 [INFO] Нового сигнала нет.
2026-03-15 20:51:14,125 [INFO] Бот запущен и готов к работе.
2026-03-15 20:51:20,138 [INFO] Рабочий баланс: 2999.16313088 USDT
2026-03-15 20:51:20,139 [INFO] Анализ рынка...
2026-03-15 20:51:20,654 [INFO] 
Время: 2026-03-15 17:45:00
2026-03-15 20:51:20,655 [INFO] MACD_prev=-100.152810, Signal_prev=-40.272135
2026-03-15 20:51:20,655 [INFO] MACD_curr=-88.843097, Signal_curr=-49.986328
2026-03-15 20:51:20,881 [INFO] Текущая позиция: short
2026-03-15 20:51:20,881 [INFO] Нового сигнала нет.
2026-03-15 20:52:20,883 [INFO] Анализ рынка...
2026-03-15 20:52:21,202 [INFO] 
Время: 2026-03-15 17:45:00
2026-03-15 20:52:21,203 [INFO] MACD_prev=-100.152810, Signal_prev=-40.272135
2026-03-15 20:52:21,204 [INFO] MACD_curr=-88.566568, Signal_curr=-49.931022
2026-03-15 20:52:21,488 [INFO] Текущая позиция: short
2026-03-15 20:52:21,489 [INFO] Нового сигнала нет.
2026-03-16 00:53:03,870 [INFO] Бот запущен и готов к работе.
2026-03-16 00:53:07,598 [INFO] Рабочий баланс: 2999.16313088 USDT
2026-03-16 00:53:07,598 [INFO] Анализ рынка...
2026-03-16 00:53:08,007 [INFO] 
Время: 2026-03-15 21:45:00
2026-03-16 00:53:08,008 [INFO] MACD_prev=371.329848, Signal_prev=284.140657
2026-03-16 00:53:08,009 [INFO] MACD_curr=430.548020, Signal_curr=313.422129
2026-03-16 00:53:08,227 [INFO] Текущая позиция: short
2026-03-16 00:53:08,227 [INFO] Нового сигнала нет.
2026-03-16 00:54:08,228 [INFO] Анализ рынка...
2026-03-16 00:54:08,666 [INFO] 
Время: 2026-03-15 21:45:00
2026-03-16 00:54:08,666 [INFO] MACD_prev=371.329848, Signal_prev=284.140657
2026-03-16 00:54:08,667 [INFO] MACD_curr=429.460537, Signal_curr=313.204633
2026-03-16 00:54:08,877 [INFO] Текущая позиция: short
2026-03-16 00:54:08,878 [INFO] Нового сигнала нет.
2026-03-16 00:55:08,879 [INFO] Анализ рынка...
2026-03-16 00:55:09,109 [INFO] 
Время: 2026-03-15 21:45:00
2026-03-16 00:55:09,110 [INFO] MACD_prev=371.329848, Signal_prev=284.140657
2026-03-16 00:55:09,110 [INFO] MACD_curr=428.706986, Signal_curr=313.053923
2026-03-16 00:55:09,329 [INFO] Текущая позиция: short
2026-03-16 00:55:09,330 [INFO] Нового сигнала нет.
2026-03-16 00:56:09,331 [INFO] Анализ рынка...
2026-03-16 00:56:09,666 [INFO] 
Время: 2026-03-15 21:45:00
2026-03-16 00:56:09,667 [INFO] MACD_prev=371.329848, Signal_prev=284.140657
2026-03-16 00:56:09,668 [INFO] MACD_curr=428.062137, Signal_curr=312.924953
2026-03-16 00:56:09,887 [INFO] Текущая позиция: short
2026-03-16 00:56:09,888 [INFO] Нового сигнала нет.
2026-03-16 00:57:09,889 [INFO] Анализ рынка...
2026-03-16 00:57:10,222 [INFO] 
Время: 2026-03-15 21:45:00
2026-03-16 00:57:10,222 [INFO] MACD_prev=371.329848, Signal_prev=284.140657
2026-03-16 00:57:10,222 [INFO] MACD_curr=427.797399, Signal_curr=312.872005
2026-03-16 00:57:10,428 [INFO] Текущая позиция: short
2026-03-16 00:57:10,429 [INFO] Нового сигнала нет.
2026-03-16 00:58:10,429 [INFO] Анализ рынка...
2026-03-16 00:58:10,654 [INFO] 
Время: 2026-03-15 21:45:00
2026-03-16 00:58:10,655 [INFO] MACD_prev=371.329848, Signal_prev=284.140657
2026-03-16 00:58:10,655 [INFO] MACD_curr=427.375565, Signal_curr=312.787638
2026-03-16 00:58:10,865 [INFO] Текущая позиция: short
2026-03-16 00:58:10,866 [INFO] Нового сигнала нет.
2026-03-16 00:59:10,866 [INFO] Анализ рынка...
2026-03-16 00:59:11,118 [INFO] 
Время: 2026-03-15 21:45:00
2026-03-16 00:59:11,118 [INFO] MACD_prev=371.329848, Signal_prev=284.140657
2026-03-16 00:59:11,119 [INFO] MACD_curr=427.095442, Signal_curr=312.731614
2026-03-16 00:59:11,331 [INFO] Текущая позиция: short
2026-03-16 00:59:11,332 [INFO] Нового сигнала нет.
2026-03-16 01:00:11,333 [INFO] Анализ рынка...
2026-03-16 01:00:11,995 [INFO] 
Время: 2026-03-15 22:00:00
2026-03-16 01:00:11,996 [INFO] MACD_prev=455.503807, Signal_prev=318.413380
2026-03-16 01:00:11,997 [INFO] MACD_curr=545.933356, Signal_curr=363.917375
2026-03-16 01:00:12,205 [INFO] Текущая позиция: short
2026-03-16 01:00:12,205 [INFO] Нового сигнала нет.
2026-03-16 01:01:12,206 [INFO] Анализ рынка...
2026-03-16 01:01:12,435 [INFO] 
Время: 2026-03-15 22:00:00
2026-03-16 01:01:12,436 [INFO] MACD_prev=455.503807, Signal_prev=318.413380
2026-03-16 01:01:12,436 [INFO] MACD_curr=542.969098, Signal_curr=363.324524
2026-03-16 01:01:12,646 [INFO] Текущая позиция: short
2026-03-16 01:01:12,646 [INFO] Нового сигнала нет.
2026-03-16 01:02:12,647 [INFO] Анализ рынка...
2026-03-16 01:02:13,115 [INFO] 
Время: 2026-03-15 22:00:00
2026-03-16 01:02:13,115 [INFO] MACD_prev=455.503807, Signal_prev=318.413380
2026-03-16 01:02:13,115 [INFO] MACD_curr=541.798365, Signal_curr=363.090377
2026-03-16 01:02:13,322 [INFO] Текущая позиция: short
2026-03-16 01:02:13,323 [INFO] Нового сигнала нет.
2026-03-16 01:03:13,324 [INFO] Анализ рынка...
2026-03-16 01:03:13,604 [INFO] 
Время: 2026-03-15 22:00:00
2026-03-16 01:03:13,605 [INFO] MACD_prev=455.503807, Signal_prev=318.413380
2026-03-16 01:03:13,605 [INFO] MACD_curr=556.401738, Signal_curr=366.011052
2026-03-16 01:03:13,815 [INFO] Текущая позиция: short
2026-03-16 01:03:13,815 [INFO] Нового сигнала нет.
2026-03-16 01:04:13,816 [INFO] Анализ рынка...
2026-03-16 01:04:14,143 [INFO] 
Время: 2026-03-15 22:00:00
2026-03-16 01:04:14,143 [INFO] MACD_prev=455.503807, Signal_prev=318.413380
2026-03-16 01:04:14,143 [INFO] MACD_curr=563.745885, Signal_curr=367.479881
2026-03-16 01:04:14,352 [INFO] Текущая позиция: short
2026-03-16 01:04:14,353 [INFO] Нового сигнала нет.
2026-03-16 01:05:14,354 [INFO] Анализ рынка...
2026-03-16 01:05:15,110 [INFO] 
Время: 2026-03-15 22:00:00
2026-03-16 01:05:15,110 [INFO] MACD_prev=455.503807, Signal_prev=318.413380
2026-03-16 01:05:15,110 [INFO] MACD_curr=565.712605, Signal_curr=367.873225
2026-03-16 01:05:15,320 [INFO] Текущая позиция: short
2026-03-16 01:05:15,321 [INFO] Нового сигнала нет.
2026-03-16 01:06:15,321 [INFO] Анализ рынка...
2026-03-16 01:06:15,819 [INFO] 
Время: 2026-03-15 22:00:00
2026-03-16 01:06:15,819 [INFO] MACD_prev=455.503807, Signal_prev=318.413380
2026-03-16 01:06:15,819 [INFO] MACD_curr=526.813947, Signal_curr=360.093493
2026-03-16 01:06:16,027 [INFO] Текущая позиция: short
2026-03-16 01:06:16,028 [INFO] Нового сигнала нет.
2026-03-16 01:07:16,029 [INFO] Анализ рынка...
2026-03-16 01:07:16,349 [INFO] 
Время: 2026-03-15 22:00:00
2026-03-16 01:07:16,349 [INFO] MACD_prev=455.503807, Signal_prev=318.413380
2026-03-16 01:07:16,350 [INFO] MACD_curr=525.067362, Signal_curr=359.744176
2026-03-16 01:07:16,560 [INFO] Текущая позиция: short
2026-03-16 01:07:16,560 [INFO] Нового сигнала нет.
2026-03-16 01:08:16,561 [INFO] Анализ рынка...
2026-03-16 01:08:16,873 [INFO] 
Время: 2026-03-15 22:00:00
2026-03-16 01:08:16,873 [INFO] MACD_prev=455.503807, Signal_prev=318.413380
2026-03-16 01:08:16,873 [INFO] MACD_curr=522.688778, Signal_curr=359.268460
2026-03-16 01:08:17,083 [INFO] Текущая позиция: short
2026-03-16 01:08:17,083 [INFO] Нового сигнала нет.
2026-03-16 01:09:17,084 [INFO] Анализ рынка...
2026-03-16 01:09:17,370 [INFO] 
Время: 2026-03-15 22:00:00
2026-03-16 01:09:17,370 [INFO] MACD_prev=455.503807, Signal_prev=318.413380
2026-03-16 01:09:17,370 [INFO] MACD_curr=521.431375, Signal_curr=359.016979
2026-03-16 01:09:17,576 [INFO] Текущая позиция: short
2026-03-16 01:09:17,577 [INFO] Нового сигнала нет.
2026-03-16 01:10:17,577 [INFO] Анализ рынка...
2026-03-16 01:10:17,898 [INFO] 
Время: 2026-03-15 22:00:00
2026-03-16 01:10:17,898 [INFO] MACD_prev=455.503807, Signal_prev=318.413380
2026-03-16 01:10:17,899 [INFO] MACD_curr=518.846119, Signal_curr=358.499928
2026-03-16 01:10:18,112 [INFO] Текущая позиция: short
2026-03-16 01:10:18,112 [INFO] Нового сигнала нет.
2026-03-16 01:11:18,113 [INFO] Анализ рынка...
2026-03-16 01:11:18,410 [INFO] 
Время: 2026-03-15 22:00:00
2026-03-16 01:11:18,411 [INFO] MACD_prev=455.503807, Signal_prev=318.413380
2026-03-16 01:11:18,411 [INFO] MACD_curr=512.922107, Signal_curr=357.315125
2026-03-16 01:11:18,624 [INFO] Текущая позиция: short
2026-03-16 01:11:18,624 [INFO] Нового сигнала нет.
2026-03-16 01:12:18,625 [INFO] Анализ рынка...
2026-03-16 01:12:18,927 [INFO] 
Время: 2026-03-15 22:00:00
2026-03-16 01:12:18,927 [INFO] MACD_prev=455.503807, Signal_prev=318.413380
2026-03-16 01:12:18,928 [INFO] MACD_curr=509.708224, Signal_curr=356.672349
2026-03-16 01:12:19,136 [INFO] Текущая позиция: short
2026-03-16 01:12:19,137 [INFO] Нового сигнала нет.
2026-03-16 01:13:19,138 [INFO] Анализ рынка...
2026-03-16 01:13:19,443 [INFO] 
Время: 2026-03-15 22:00:00
2026-03-16 01:13:19,443 [INFO] MACD_prev=455.503807, Signal_prev=318.413380
2026-03-16 01:13:19,443 [INFO] MACD_curr=508.812445, Signal_curr=356.493193
2026-03-16 01:13:19,653 [INFO] Текущая позиция: short
2026-03-16 01:13:19,653 [INFO] Нового сигнала нет.
2026-03-16 01:14:19,654 [INFO] Анализ рынка...
2026-03-16 01:14:19,947 [INFO] 
Время: 2026-03-15 22:00:00
2026-03-16 01:14:19,947 [INFO] MACD_prev=455.503807, Signal_prev=318.413380
2026-03-16 01:14:19,947 [INFO] MACD_curr=506.562451, Signal_curr=356.043194
2026-03-16 01:14:20,154 [INFO] Текущая позиция: short
2026-03-16 01:14:20,155 [INFO] Нового сигнала нет.
2026-03-16 01:15:20,156 [INFO] Анализ рынка...
2026-03-16 01:15:20,480 [INFO] 
Время: 2026-03-15 22:15:00
2026-03-16 01:15:20,480 [INFO] MACD_prev=505.985666, Signal_prev=355.927807
2026-03-16 01:15:20,480 [INFO] MACD_curr=532.643486, Signal_curr=391.270943
2026-03-16 01:15:20,690 [INFO] Текущая позиция: short
2026-03-16 01:15:20,691 [INFO] Нового сигнала нет.
2026-03-16 01:16:20,692 [INFO] Анализ рынка...
2026-03-16 01:16:20,994 [INFO] 
Время: 2026-03-15 22:15:00
2026-03-16 01:16:20,995 [INFO] MACD_prev=505.985666, Signal_prev=355.927807
2026-03-16 01:16:20,996 [INFO] MACD_curr=529.681172, Signal_curr=390.678480
2026-03-16 01:16:21,208 [INFO] Текущая позиция: short
2026-03-16 01:16:21,209 [INFO] Нового сигнала нет.
2026-03-16 01:17:21,210 [INFO] Анализ рынка...
2026-03-16 01:17:21,442 [INFO] 
Время: 2026-03-15 22:15:00
2026-03-16 01:17:21,443 [INFO] MACD_prev=505.985666, Signal_prev=355.927807
2026-03-16 01:17:21,444 [INFO] MACD_curr=527.690624, Signal_curr=390.280371
2026-03-16 01:17:21,655 [INFO] Текущая позиция: short
2026-03-16 01:17:21,655 [INFO] Нового сигнала нет.
2026-03-16 01:18:21,656 [INFO] Анализ рынка...
2026-03-16 01:18:22,030 [INFO] 
Время: 2026-03-15 22:15:00
2026-03-16 01:18:22,030 [INFO] MACD_prev=505.985666, Signal_prev=355.927807
2026-03-16 01:18:22,031 [INFO] MACD_curr=540.340076, Signal_curr=392.810261
2026-03-16 01:18:22,242 [INFO] Текущая позиция: short
2026-03-16 01:18:22,243 [INFO] Нового сигнала нет.
2026-03-16 01:19:22,244 [INFO] Анализ рынка...
2026-03-16 01:19:22,548 [INFO] 
Время: 2026-03-15 22:15:00
2026-03-16 01:19:22,548 [INFO] MACD_prev=505.985666, Signal_prev=355.927807
2026-03-16 01:19:22,549 [INFO] MACD_curr=523.656015, Signal_curr=389.473449
2026-03-16 01:19:22,757 [INFO] Текущая позиция: short
2026-03-16 01:19:22,758 [INFO] Нового сигнала нет.
2026-03-16 01:20:22,759 [INFO] Анализ рынка...
2026-03-16 01:20:22,976 [INFO] 
Время: 2026-03-15 22:15:00
2026-03-16 01:20:22,976 [INFO] MACD_prev=505.985666, Signal_prev=355.927807
2026-03-16 01:20:22,976 [INFO] MACD_curr=542.461676, Signal_curr=393.234581
2026-03-16 01:20:23,185 [INFO] Текущая позиция: short
2026-03-16 01:20:23,185 [INFO] Нового сигнала нет.
2026-03-16 01:21:23,186 [INFO] Анализ рынка...
2026-03-16 01:21:23,585 [INFO] 
Время: 2026-03-15 22:15:00
2026-03-16 01:21:23,585 [INFO] MACD_prev=505.985666, Signal_prev=355.927807
2026-03-16 01:21:23,586 [INFO] MACD_curr=546.087916, Signal_curr=393.959829
2026-03-16 01:21:23,798 [INFO] Текущая позиция: short
2026-03-16 01:21:23,798 [INFO] Нового сигнала нет.
2026-03-16 01:22:23,799 [INFO] Анализ рынка...
2026-03-16 01:22:24,042 [INFO] 
Время: 2026-03-15 22:15:00
2026-03-16 01:22:24,043 [INFO] MACD_prev=505.985666, Signal_prev=355.927807
2026-03-16 01:22:24,044 [INFO] MACD_curr=548.250452, Signal_curr=394.392336
2026-03-16 01:22:24,254 [INFO] Текущая позиция: short
2026-03-16 01:22:24,255 [INFO] Нового сигнала нет.
2026-03-16 01:23:24,256 [INFO] Анализ рынка...
2026-03-16 01:23:24,486 [INFO] 
Время: 2026-03-15 22:15:00
2026-03-16 01:23:24,486 [INFO] MACD_prev=505.985666, Signal_prev=355.927807
2026-03-16 01:23:24,487 [INFO] MACD_curr=549.577566, Signal_curr=394.657759
2026-03-16 01:23:24,696 [INFO] Текущая позиция: short
2026-03-16 01:23:24,697 [INFO] Нового сигнала нет.
2026-03-16 01:24:24,697 [INFO] Анализ рынка...
2026-03-16 01:24:25,138 [INFO] 
Время: 2026-03-15 22:15:00
2026-03-16 01:24:25,139 [INFO] MACD_prev=505.985666, Signal_prev=355.927807
2026-03-16 01:24:25,139 [INFO] MACD_curr=551.241615, Signal_curr=394.990569
2026-03-16 01:24:25,348 [INFO] Текущая позиция: short
2026-03-16 01:24:25,349 [INFO] Нового сигнала нет.
2026-03-16 01:25:25,350 [INFO] Анализ рынка...
2026-03-16 01:25:25,660 [INFO] 
Время: 2026-03-15 22:15:00
2026-03-16 01:25:25,660 [INFO] MACD_prev=505.985666, Signal_prev=355.927807
2026-03-16 01:25:25,661 [INFO] MACD_curr=553.161664, Signal_curr=395.374579
2026-03-16 01:25:25,869 [INFO] Текущая позиция: short
2026-03-16 01:25:25,870 [INFO] Нового сигнала нет.
2026-03-16 01:26:25,871 [INFO] Анализ рынка...
2026-03-16 01:26:26,172 [INFO] 
Время: 2026-03-15 22:15:00
2026-03-16 01:26:26,173 [INFO] MACD_prev=505.985666, Signal_prev=355.927807
2026-03-16 01:26:26,173 [INFO] MACD_curr=556.185221, Signal_curr=395.979290
2026-03-16 01:26:26,382 [INFO] Текущая позиция: short
2026-03-16 01:26:26,383 [INFO] Нового сигнала нет.
2026-03-16 01:27:26,384 [INFO] Анализ рынка...
2026-03-16 01:27:26,691 [INFO] 
Время: 2026-03-15 22:15:00
2026-03-16 01:27:26,692 [INFO] MACD_prev=505.985666, Signal_prev=355.927807
2026-03-16 01:27:26,692 [INFO] MACD_curr=556.462070, Signal_curr=396.034660
2026-03-16 01:27:26,901 [INFO] Текущая позиция: short
2026-03-16 01:27:26,901 [INFO] Нового сигнала нет.
2026-03-16 01:28:26,902 [INFO] Анализ рынка...
2026-03-16 01:28:27,298 [INFO] 
Время: 2026-03-15 22:15:00
2026-03-16 01:28:27,299 [INFO] MACD_prev=505.985666, Signal_prev=355.927807
2026-03-16 01:28:27,299 [INFO] MACD_curr=557.095449, Signal_curr=396.161336
2026-03-16 01:28:27,506 [INFO] Текущая позиция: short
2026-03-16 01:28:27,506 [INFO] Нового сигнала нет.
2026-03-16 01:29:27,508 [INFO] Анализ рынка...
2026-03-16 01:29:27,825 [INFO] 
Время: 2026-03-15 22:15:00
2026-03-16 01:29:27,825 [INFO] MACD_prev=505.985666, Signal_prev=355.927807
2026-03-16 01:29:27,825 [INFO] MACD_curr=557.430193, Signal_curr=396.228284
2026-03-16 01:29:28,034 [INFO] Текущая позиция: short
2026-03-16 01:29:28,034 [INFO] Нового сигнала нет.
2026-03-16 01:30:28,035 [INFO] Анализ рынка...
2026-03-16 01:30:28,459 [INFO] 
Время: 2026-03-15 22:30:00
2026-03-16 01:30:28,459 [INFO] MACD_prev=557.740824, Signal_prev=396.290292
2026-03-16 01:30:28,459 [INFO] MACD_curr=605.825124, Signal_curr=438.197258
2026-03-16 01:30:28,668 [INFO] Текущая позиция: short
2026-03-16 01:30:28,669 [INFO] Нового сигнала нет.
2026-03-16 01:31:28,670 [INFO] Анализ рынка...
2026-03-16 01:31:29,096 [INFO] 
Время: 2026-03-15 22:30:00
2026-03-16 01:31:29,096 [INFO] MACD_prev=557.740824, Signal_prev=396.290292
2026-03-16 01:31:29,097 [INFO] MACD_curr=608.426453, Signal_curr=438.717524
2026-03-16 01:31:29,303 [INFO] Текущая позиция: short
2026-03-16 01:31:29,304 [INFO] Нового сигнала нет.
2026-03-16 01:32:29,305 [INFO] Анализ рынка...
2026-03-16 01:32:29,625 [INFO] 
Время: 2026-03-15 22:30:00
2026-03-16 01:32:29,625 [INFO] MACD_prev=557.740824, Signal_prev=396.290292
2026-03-16 01:32:29,625 [INFO] MACD_curr=613.797382, Signal_curr=439.791710
2026-03-16 01:32:29,832 [INFO] Текущая позиция: short
2026-03-16 01:32:29,833 [INFO] Нового сигнала нет.
2026-03-16 01:33:29,834 [INFO] Анализ рынка...
2026-03-16 01:33:30,151 [INFO] 
Время: 2026-03-15 22:30:00
2026-03-16 01:33:30,152 [INFO] MACD_prev=557.740824, Signal_prev=396.290292
2026-03-16 01:33:30,152 [INFO] MACD_curr=620.826625, Signal_curr=441.197559
2026-03-16 01:33:30,708 [INFO] Текущая позиция: short
2026-03-16 01:33:30,709 [INFO] Нового сигнала нет.
2026-03-16 01:34:30,710 [INFO] Анализ рынка...
2026-03-16 01:34:30,996 [INFO] 
Время: 2026-03-15 22:30:00
2026-03-16 01:34:30,997 [INFO] MACD_prev=557.740824, Signal_prev=396.290292
2026-03-16 01:34:30,997 [INFO] MACD_curr=626.056041, Signal_curr=442.243442
2026-03-16 01:34:31,206 [INFO] Текущая позиция: short
2026-03-16 01:34:31,207 [INFO] Нового сигнала нет.
2026-03-16 01:35:31,208 [INFO] Анализ рынка...
2026-03-16 01:35:31,519 [INFO] 
Время: 2026-03-15 22:30:00
2026-03-16 01:35:31,520 [INFO] MACD_prev=557.740824, Signal_prev=396.290292
2026-03-16 01:35:31,520 [INFO] MACD_curr=630.038613, Signal_curr=443.039956
2026-03-16 01:35:31,730 [INFO] Текущая позиция: short
2026-03-16 01:35:31,731 [INFO] Нового сигнала нет.
2026-03-16 01:36:31,732 [INFO] Анализ рынка...
2026-03-16 01:36:32,033 [INFO] 
Время: 2026-03-15 22:30:00
2026-03-16 01:36:32,034 [INFO] MACD_prev=557.740824, Signal_prev=396.290292
2026-03-16 01:36:32,034 [INFO] MACD_curr=631.332299, Signal_curr=443.298693
2026-03-16 01:36:32,243 [INFO] Текущая позиция: short
2026-03-16 01:36:32,243 [INFO] Нового сигнала нет.
2026-03-16 01:37:32,244 [INFO] Анализ рынка...
2026-03-16 01:37:32,564 [INFO] 
Время: 2026-03-15 22:30:00
2026-03-16 01:37:32,564 [INFO] MACD_prev=557.740824, Signal_prev=396.290292
2026-03-16 01:37:32,565 [INFO] MACD_curr=632.187930, Signal_curr=443.469820
2026-03-16 01:37:32,775 [INFO] Текущая позиция: short
2026-03-16 01:37:32,776 [INFO] Нового сигнала нет.
2026-03-16 01:38:32,777 [INFO] Анализ рынка...
2026-03-16 01:38:33,080 [INFO] 
Время: 2026-03-15 22:30:00
2026-03-16 01:38:33,081 [INFO] MACD_prev=557.740824, Signal_prev=396.290292
2026-03-16 01:38:33,081 [INFO] MACD_curr=632.562798, Signal_curr=443.544793
2026-03-16 01:38:33,291 [INFO] Текущая позиция: short
2026-03-16 01:38:33,291 [INFO] Нового сигнала нет.
2026-03-16 01:39:33,292 [INFO] Анализ рынка...
2026-03-16 01:39:33,594 [INFO] 
Время: 2026-03-15 22:30:00
2026-03-16 01:39:33,595 [INFO] MACD_prev=557.740824, Signal_prev=396.290292
2026-03-16 01:39:33,595 [INFO] MACD_curr=635.688902, Signal_curr=444.170014
2026-03-16 01:39:33,804 [INFO] Текущая позиция: short
2026-03-16 01:39:33,805 [INFO] Нового сигнала нет.
2026-03-16 01:40:33,806 [INFO] Анализ рынка...
2026-03-16 01:40:34,097 [INFO] 
Время: 2026-03-15 22:30:00
2026-03-16 01:40:34,097 [INFO] MACD_prev=557.740824, Signal_prev=396.290292
2026-03-16 01:40:34,098 [INFO] MACD_curr=655.369813, Signal_curr=448.106196
2026-03-16 01:40:34,307 [INFO] Текущая позиция: short
2026-03-16 01:40:34,308 [INFO] Нового сигнала нет.
2026-03-16 01:41:34,309 [INFO] Анализ рынка...
2026-03-16 01:41:34,942 [INFO] 
Время: 2026-03-15 22:30:00
2026-03-16 01:41:34,942 [INFO] MACD_prev=557.740824, Signal_prev=396.290292
2026-03-16 01:41:34,942 [INFO] MACD_curr=661.864607, Signal_curr=449.405155
2026-03-16 01:41:35,149 [INFO] Текущая позиция: short
2026-03-16 01:41:35,149 [INFO] Нового сигнала нет.
2026-03-16 01:42:35,151 [INFO] Анализ рынка...
2026-03-16 01:42:35,466 [INFO] 
Время: 2026-03-15 22:30:00
2026-03-16 01:42:35,466 [INFO] MACD_prev=557.740824, Signal_prev=396.290292
2026-03-16 01:42:35,467 [INFO] MACD_curr=666.066010, Signal_curr=450.245436
2026-03-16 01:42:35,675 [INFO] Текущая позиция: short
2026-03-16 01:42:35,676 [INFO] Нового сигнала нет.
2026-03-16 01:43:35,677 [INFO] Анализ рынка...
2026-03-16 01:43:35,973 [INFO] 
Время: 2026-03-15 22:30:00
2026-03-16 01:43:35,974 [INFO] MACD_prev=557.740824, Signal_prev=396.290292
2026-03-16 01:43:35,974 [INFO] MACD_curr=669.988028, Signal_curr=451.029839
2026-03-16 01:43:36,183 [INFO] Текущая позиция: short
2026-03-16 01:43:36,184 [INFO] Нового сигнала нет.
2026-03-16 01:44:36,185 [INFO] Анализ рынка...
2026-03-16 01:44:36,484 [INFO] 
Время: 2026-03-15 22:30:00
2026-03-16 01:44:36,485 [INFO] MACD_prev=557.740824, Signal_prev=396.290292
2026-03-16 01:44:36,485 [INFO] MACD_curr=675.140644, Signal_curr=452.060362
2026-03-16 01:44:36,694 [INFO] Текущая позиция: short
2026-03-16 01:44:36,695 [INFO] Нового сигнала нет.
2026-03-16 01:45:36,696 [INFO] Анализ рынка...
2026-03-16 01:45:36,993 [INFO] 
Время: 2026-03-15 22:45:00
2026-03-16 01:45:36,994 [INFO] MACD_prev=676.811561, Signal_prev=452.394480
2026-03-16 01:45:36,994 [INFO] MACD_curr=819.113494, Signal_curr=525.738283
2026-03-16 01:45:37,206 [INFO] Текущая позиция: short
2026-03-16 01:45:37,206 [INFO] Нового сигнала нет.
2026-03-16 01:46:37,207 [INFO] Анализ рынка...
2026-03-16 01:46:37,507 [INFO] 
Время: 2026-03-15 22:45:00
2026-03-16 01:46:37,508 [INFO] MACD_prev=676.811561, Signal_prev=452.394480
2026-03-16 01:46:37,508 [INFO] MACD_curr=822.187513, Signal_curr=526.353087
2026-03-16 01:46:37,730 [INFO] Текущая позиция: short
2026-03-16 01:46:37,730 [INFO] Нового сигнала нет.
2026-03-16 01:47:37,731 [INFO] Анализ рынка...
2026-03-16 01:47:38,022 [INFO] 
Время: 2026-03-15 22:45:00
2026-03-16 01:47:38,023 [INFO] MACD_prev=676.811561, Signal_prev=452.394480
2026-03-16 01:47:38,023 [INFO] MACD_curr=826.243217, Signal_curr=527.164228
2026-03-16 01:47:38,234 [INFO] Текущая позиция: short
2026-03-16 01:47:38,235 [INFO] Нового сигнала нет.
2026-03-16 01:48:38,236 [INFO] Анализ рынка...
2026-03-16 01:48:38,546 [INFO] 
Время: 2026-03-15 22:45:00
2026-03-16 01:48:38,547 [INFO] MACD_prev=676.811561, Signal_prev=452.394480
2026-03-16 01:48:38,547 [INFO] MACD_curr=832.064928, Signal_curr=528.328570
2026-03-16 01:48:38,755 [INFO] Текущая позиция: short
2026-03-16 01:48:38,756 [INFO] Нового сигнала нет.
2026-03-16 01:49:38,757 [INFO] Анализ рынка...
2026-03-16 01:49:39,060 [INFO] 
Время: 2026-03-15 22:45:00
2026-03-16 01:49:39,061 [INFO] MACD_prev=676.811561, Signal_prev=452.394480
2026-03-16 01:49:39,061 [INFO] MACD_curr=837.258651, Signal_curr=529.367315
2026-03-16 01:49:39,271 [INFO] Текущая позиция: short
2026-03-16 01:49:39,271 [INFO] Нового сигнала нет.
2026-03-16 01:50:39,272 [INFO] Анализ рынка...
2026-03-16 01:50:39,563 [INFO] 
Время: 2026-03-15 22:45:00
2026-03-16 01:50:39,563 [INFO] MACD_prev=676.811561, Signal_prev=452.394480
2026-03-16 01:50:39,563 [INFO] MACD_curr=842.507463, Signal_curr=530.417077
2026-03-16 01:50:39,771 [INFO] Текущая позиция: short
2026-03-16 01:50:39,771 [INFO] Нового сигнала нет.
2026-03-16 01:51:39,772 [INFO] Анализ рынка...
2026-03-16 01:51:40,094 [INFO] 
Время: 2026-03-15 22:45:00
2026-03-16 01:51:40,095 [INFO] MACD_prev=676.811561, Signal_prev=452.394480
2026-03-16 01:51:40,095 [INFO] MACD_curr=847.041026, Signal_curr=531.323790
2026-03-16 01:51:40,305 [INFO] Текущая позиция: short
2026-03-16 01:51:40,306 [INFO] Нового сигнала нет.
2026-03-16 01:52:40,307 [INFO] Анализ рынка...
2026-03-16 01:52:40,614 [INFO] 
Время: 2026-03-15 22:45:00
2026-03-16 01:52:40,614 [INFO] MACD_prev=676.811561, Signal_prev=452.394480
2026-03-16 01:52:40,615 [INFO] MACD_curr=853.403562, Signal_curr=532.596297
2026-03-16 01:52:40,824 [INFO] Текущая позиция: short
2026-03-16 01:52:40,824 [INFO] Нового сигнала нет.
2026-03-16 01:53:40,825 [INFO] Анализ рынка...
2026-03-16 01:53:41,136 [INFO] 
Время: 2026-03-15 22:45:00
2026-03-16 01:53:41,137 [INFO] MACD_prev=676.811561, Signal_prev=452.394480
2026-03-16 01:53:41,137 [INFO] MACD_curr=888.414516, Signal_curr=539.598487
2026-03-16 01:53:41,346 [INFO] Текущая позиция: short
2026-03-16 01:53:41,347 [INFO] Нового сигнала нет.
2026-03-16 01:54:41,348 [INFO] Анализ рынка...
2026-03-16 01:54:41,655 [INFO] 
Время: 2026-03-15 22:45:00
2026-03-16 01:54:41,656 [INFO] MACD_prev=676.811561, Signal_prev=452.394480
2026-03-16 01:54:41,656 [INFO] MACD_curr=894.763291, Signal_curr=540.868243
2026-03-16 01:54:41,865 [INFO] Текущая позиция: short
2026-03-16 01:54:41,866 [INFO] Нового сигнала нет.
2026-03-16 01:55:41,867 [INFO] Анализ рынка...
2026-03-16 01:55:42,171 [INFO] 
Время: 2026-03-15 22:45:00
2026-03-16 01:55:42,172 [INFO] MACD_prev=676.811561, Signal_prev=452.394480
2026-03-16 01:55:42,172 [INFO] MACD_curr=897.998122, Signal_curr=541.515209
2026-03-16 01:55:42,380 [INFO] Текущая позиция: short
2026-03-16 01:55:42,381 [INFO] Нового сигнала нет.
2026-03-16 01:56:42,382 [INFO] Анализ рынка...
2026-03-16 01:56:42,694 [INFO] 
Время: 2026-03-15 22:45:00
2026-03-16 01:56:42,694 [INFO] MACD_prev=676.811561, Signal_prev=452.394480
2026-03-16 01:56:42,695 [INFO] MACD_curr=899.942073, Signal_curr=541.903999
2026-03-16 01:56:42,905 [INFO] Текущая позиция: short
2026-03-16 01:56:42,905 [INFO] Нового сигнала нет.
2026-03-16 01:57:42,906 [INFO] Анализ рынка...
2026-03-16 01:57:43,209 [INFO] 
Время: 2026-03-15 22:45:00
2026-03-16 01:57:43,209 [INFO] MACD_prev=676.811561, Signal_prev=452.394480
2026-03-16 01:57:43,210 [INFO] MACD_curr=901.888337, Signal_curr=542.293252
2026-03-16 01:57:43,419 [INFO] Текущая позиция: short
2026-03-16 01:57:43,420 [INFO] Нового сигнала нет.
2026-03-16 01:58:43,420 [INFO] Анализ рынка...
2026-03-16 01:58:43,716 [INFO] 
Время: 2026-03-15 22:45:00
2026-03-16 01:58:43,717 [INFO] MACD_prev=676.811561, Signal_prev=452.394480
2026-03-16 01:58:43,717 [INFO] MACD_curr=904.427562, Signal_curr=542.801097
2026-03-16 01:58:43,924 [INFO] Текущая позиция: short
2026-03-16 01:58:43,924 [INFO] Нового сигнала нет.
2026-03-16 01:59:43,925 [INFO] Анализ рынка...
2026-03-16 01:59:44,249 [INFO] 
Время: 2026-03-15 22:45:00
2026-03-16 01:59:44,250 [INFO] MACD_prev=676.811561, Signal_prev=452.394480
2026-03-16 01:59:44,250 [INFO] MACD_curr=906.540990, Signal_curr=543.223782
2026-03-16 01:59:44,460 [INFO] Текущая позиция: short
2026-03-16 01:59:44,460 [INFO] Нового сигнала нет.
2026-03-16 02:00:44,461 [INFO] Анализ рынка...
2026-03-16 02:00:44,753 [INFO] 
Время: 2026-03-15 23:00:00
2026-03-16 02:00:44,754 [INFO] MACD_prev=906.837278, Signal_prev=543.283096
2026-03-16 02:00:44,754 [INFO] MACD_curr=1176.370815, Signal_curr=669.900640
2026-03-16 02:00:44,960 [INFO] Текущая позиция: short
2026-03-16 02:00:44,961 [INFO] Нового сигнала нет.
2026-03-16 02:01:44,962 [INFO] Анализ рынка...
2026-03-16 02:01:45,271 [INFO] 
Время: 2026-03-15 23:00:00
2026-03-16 02:01:45,272 [INFO] MACD_prev=906.837278, Signal_prev=543.283096
2026-03-16 02:01:45,272 [INFO] MACD_curr=1179.125941, Signal_curr=670.451665
2026-03-16 02:01:45,479 [INFO] Текущая позиция: short
2026-03-16 02:01:45,479 [INFO] Нового сигнала нет.
2026-03-16 02:02:45,480 [INFO] Анализ рынка...
2026-03-16 02:02:45,805 [INFO] 
Время: 2026-03-15 23:00:00
2026-03-16 02:02:45,805 [INFO] MACD_prev=906.837278, Signal_prev=543.283096
2026-03-16 02:02:45,806 [INFO] MACD_curr=1181.284907, Signal_curr=670.883458
2026-03-16 02:02:46,018 [INFO] Текущая позиция: short
2026-03-16 02:02:46,019 [INFO] Нового сигнала нет.
2026-03-16 02:03:46,020 [INFO] Анализ рынка...
2026-03-16 02:03:46,324 [INFO] 
Время: 2026-03-15 23:00:00
2026-03-16 02:03:46,324 [INFO] MACD_prev=906.837278, Signal_prev=543.283096
2026-03-16 02:03:46,325 [INFO] MACD_curr=1183.599689, Signal_curr=671.346415
2026-03-16 02:03:46,536 [INFO] Текущая позиция: short
2026-03-16 02:03:46,536 [INFO] Нового сигнала нет.
2026-03-16 02:04:46,537 [INFO] Анализ рынка...
2026-03-16 02:04:46,841 [INFO] 
Время: 2026-03-15 23:00:00
2026-03-16 02:04:46,841 [INFO] MACD_prev=906.837278, Signal_prev=543.283096
2026-03-16 02:04:46,842 [INFO] MACD_curr=1187.471590, Signal_curr=672.120795
2026-03-16 02:04:47,049 [INFO] Текущая позиция: short
2026-03-16 02:04:47,050 [INFO] Нового сигнала нет.
2026-03-16 02:05:47,051 [INFO] Анализ рынка...
2026-03-16 02:05:47,361 [INFO] 
Время: 2026-03-15 23:00:00
2026-03-16 02:05:47,362 [INFO] MACD_prev=906.837278, Signal_prev=543.283096
2026-03-16 02:05:47,362 [INFO] MACD_curr=1196.353510, Signal_curr=673.897179
2026-03-16 02:05:47,572 [INFO] Текущая позиция: short
2026-03-16 02:05:47,573 [INFO] Нового сигнала нет.
2026-03-16 02:06:47,574 [INFO] Анализ рынка...
2026-03-16 02:06:47,864 [INFO] 
Время: 2026-03-15 23:00:00
2026-03-16 02:06:47,864 [INFO] MACD_prev=906.837278, Signal_prev=543.283096
2026-03-16 02:06:47,864 [INFO] MACD_curr=1211.165670, Signal_curr=676.859611
2026-03-16 02:06:48,071 [INFO] Текущая позиция: short
2026-03-16 02:06:48,072 [INFO] Нового сигнала нет.
2026-03-16 02:07:48,072 [INFO] Анализ рынка...
2026-03-16 02:07:48,397 [INFO] 
Время: 2026-03-15 23:00:00
2026-03-16 02:07:48,398 [INFO] MACD_prev=906.837278, Signal_prev=543.283096
2026-03-16 02:07:48,398 [INFO] MACD_curr=1216.567541, Signal_curr=677.939985
2026-03-16 02:07:48,608 [INFO] Текущая позиция: short
2026-03-16 02:07:48,608 [INFO] Нового сигнала нет.
2026-03-16 02:08:48,609 [INFO] Анализ рынка...
2026-03-16 02:08:48,827 [INFO] 
Время: 2026-03-15 23:00:00
2026-03-16 02:08:48,827 [INFO] MACD_prev=906.837278, Signal_prev=543.283096
2026-03-16 02:08:48,827 [INFO] MACD_curr=1228.096107, Signal_curr=680.245698
2026-03-16 02:08:49,034 [INFO] Текущая позиция: short
2026-03-16 02:08:49,035 [INFO] Нового сигнала нет.
2026-03-16 02:09:49,036 [INFO] Анализ рынка...
2026-03-16 02:09:49,780 [INFO] 
Время: 2026-03-15 23:00:00
2026-03-16 02:09:49,780 [INFO] MACD_prev=906.837278, Signal_prev=543.283096
2026-03-16 02:09:49,780 [INFO] MACD_curr=1232.656058, Signal_curr=681.157688
2026-03-16 02:09:49,987 [INFO] Текущая позиция: short
2026-03-16 02:09:49,987 [INFO] Нового сигнала нет.
2026-03-16 02:10:49,988 [INFO] Анализ рынка...
2026-03-16 02:10:50,273 [INFO] 
Время: 2026-03-15 23:00:00
2026-03-16 02:10:50,273 [INFO] MACD_prev=906.837278, Signal_prev=543.283096
2026-03-16 02:10:50,274 [INFO] MACD_curr=1236.267307, Signal_curr=681.879938
2026-03-16 02:10:50,484 [INFO] Текущая позиция: short
2026-03-16 02:10:50,484 [INFO] Нового сигнала нет.
2026-03-16 02:11:50,485 [INFO] Анализ рынка...
2026-03-16 02:11:50,795 [INFO] 
Время: 2026-03-15 23:00:00
2026-03-16 02:11:50,796 [INFO] MACD_prev=906.837278, Signal_prev=543.283096
2026-03-16 02:11:50,796 [INFO] MACD_curr=1237.767418, Signal_curr=682.179960
2026-03-16 02:11:51,024 [INFO] Текущая позиция: short
2026-03-16 02:11:51,025 [INFO] Нового сигнала нет.
2026-03-16 02:12:51,026 [INFO] Анализ рынка...
2026-03-16 02:12:51,246 [INFO] 
Время: 2026-03-15 23:00:00
2026-03-16 02:12:51,246 [INFO] MACD_prev=906.837278, Signal_prev=543.283096
2026-03-16 02:12:51,246 [INFO] MACD_curr=1239.040205, Signal_curr=682.434518
2026-03-16 02:12:51,452 [INFO] Текущая позиция: short
2026-03-16 02:12:51,453 [INFO] Нового сигнала нет.
2026-03-16 02:13:51,454 [INFO] Анализ рынка...
2026-03-16 02:13:52,131 [INFO] 
Время: 2026-03-15 23:00:00
2026-03-16 02:13:52,131 [INFO] MACD_prev=906.837278, Signal_prev=543.283096
2026-03-16 02:13:52,131 [INFO] MACD_curr=1240.622679, Signal_curr=682.751013
2026-03-16 02:13:52,338 [INFO] Текущая позиция: short
2026-03-16 02:13:52,338 [INFO] Нового сигнала нет.
2026-03-16 02:14:52,339 [INFO] Анализ рынка...
2026-03-16 02:14:52,666 [INFO] 
Время: 2026-03-15 23:00:00
2026-03-16 02:14:52,666 [INFO] MACD_prev=906.837278, Signal_prev=543.283096
2026-03-16 02:14:52,667 [INFO] MACD_curr=1241.716759, Signal_curr=682.969829
2026-03-16 02:14:52,877 [INFO] Текущая позиция: short
2026-03-16 02:14:52,877 [INFO] Нового сигнала нет.
2026-03-16 02:15:52,878 [INFO] Анализ рынка...
2026-03-16 02:15:53,109 [INFO] 
Время: 2026-03-15 23:15:00
2026-03-16 02:15:53,109 [INFO] MACD_prev=1241.921152, Signal_prev=683.010756
2026-03-16 02:15:53,109 [INFO] MACD_curr=1600.744370, Signal_curr=866.557478
2026-03-16 02:15:53,321 [INFO] Текущая позиция: short
2026-03-16 02:15:53,322 [INFO] Нового сигнала нет.
2026-03-16 02:16:53,323 [INFO] Анализ рынка...
2026-03-16 02:16:53,708 [INFO] 
Время: 2026-03-15 23:15:00
2026-03-16 02:16:53,709 [INFO] MACD_prev=1241.921152, Signal_prev=683.010756
2026-03-16 02:16:53,709 [INFO] MACD_curr=1602.552099, Signal_curr=866.919024
2026-03-16 02:16:53,917 [INFO] Текущая позиция: short
2026-03-16 02:16:53,918 [INFO] Нового сигнала нет.
2026-03-16 02:17:53,919 [INFO] Анализ рынка...
2026-03-16 02:17:54,229 [INFO] 
Время: 2026-03-15 23:15:00
2026-03-16 02:17:54,229 [INFO] MACD_prev=1241.921152, Signal_prev=683.010756
2026-03-16 02:17:54,230 [INFO] MACD_curr=1592.711927, Signal_curr=864.950990
2026-03-16 02:17:54,439 [INFO] Текущая позиция: short
2026-03-16 02:17:54,439 [INFO] Нового сигнала нет.
2026-03-16 02:18:54,440 [INFO] Анализ рынка...
2026-03-16 02:18:54,671 [INFO] 
Время: 2026-03-15 23:15:00
2026-03-16 02:18:54,672 [INFO] MACD_prev=1241.921152, Signal_prev=683.010756
2026-03-16 02:18:54,672 [INFO] MACD_curr=1586.602019, Signal_curr=863.729008
2026-03-16 02:18:54,883 [INFO] Текущая позиция: short
2026-03-16 02:18:54,884 [INFO] Нового сигнала нет.
2026-03-16 02:19:54,885 [INFO] Анализ рынка...
2026-03-16 02:19:55,256 [INFO] 
Время: 2026-03-15 23:15:00
2026-03-16 02:19:55,256 [INFO] MACD_prev=1241.921152, Signal_prev=683.010756
2026-03-16 02:19:55,256 [INFO] MACD_curr=1584.298733, Signal_curr=863.268351
2026-03-16 02:19:55,462 [INFO] Текущая позиция: short
2026-03-16 02:19:55,463 [INFO] Нового сигнала нет.
2026-03-16 02:20:55,464 [INFO] Анализ рынка...
2026-03-16 02:20:55,788 [INFO] 
Время: 2026-03-15 23:15:00
2026-03-16 02:20:55,789 [INFO] MACD_prev=1241.921152, Signal_prev=683.010756
2026-03-16 02:20:55,789 [INFO] MACD_curr=1582.491791, Signal_curr=862.906963
2026-03-16 02:20:56,000 [INFO] Текущая позиция: short
2026-03-16 02:20:56,001 [INFO] Нового сигнала нет.
2026-03-16 02:21:56,002 [INFO] Анализ рынка...
2026-03-16 02:21:56,232 [INFO] 
Время: 2026-03-15 23:15:00
2026-03-16 02:21:56,233 [INFO] MACD_prev=1241.921152, Signal_prev=683.010756
2026-03-16 02:21:56,233 [INFO] MACD_curr=1576.904862, Signal_curr=861.789577
2026-03-16 02:21:56,444 [INFO] Текущая позиция: short
2026-03-16 02:21:56,445 [INFO] Нового сигнала нет.
2026-03-16 02:22:56,446 [INFO] Анализ рынка...
2026-03-16 02:22:56,816 [INFO] 
Время: 2026-03-15 23:15:00
2026-03-16 02:22:56,816 [INFO] MACD_prev=1241.921152, Signal_prev=683.010756
2026-03-16 02:22:56,816 [INFO] MACD_curr=1569.976493, Signal_curr=860.403903
2026-03-16 02:22:57,024 [INFO] Текущая позиция: short
2026-03-16 02:22:57,025 [INFO] Нового сигнала нет.
2026-03-16 02:23:57,026 [INFO] Анализ рынка...
2026-03-16 02:23:57,349 [INFO] 
Время: 2026-03-15 23:15:00
2026-03-16 02:23:57,350 [INFO] MACD_prev=1241.921152, Signal_prev=683.010756
2026-03-16 02:23:57,350 [INFO] MACD_curr=1554.808887, Signal_curr=857.370382
2026-03-16 02:23:57,560 [INFO] Текущая позиция: short
2026-03-16 02:23:57,560 [INFO] Нового сигнала нет.
2026-03-16 02:24:57,561 [INFO] Анализ рынка...
2026-03-16 02:24:57,854 [INFO] 
Время: 2026-03-15 23:15:00
2026-03-16 02:24:57,854 [INFO] MACD_prev=1241.921152, Signal_prev=683.010756
2026-03-16 02:24:57,855 [INFO] MACD_curr=1551.599927, Signal_curr=856.728590
2026-03-16 02:24:58,061 [INFO] Текущая позиция: short
2026-03-16 02:24:58,061 [INFO] Нового сигнала нет.
2026-03-16 02:25:58,062 [INFO] Анализ рынка...
2026-03-16 02:25:58,388 [INFO] 
Время: 2026-03-15 23:15:00
2026-03-16 02:25:58,389 [INFO] MACD_prev=1241.921152, Signal_prev=683.010756
2026-03-16 02:25:58,389 [INFO] MACD_curr=1549.314856, Signal_curr=856.271576
2026-03-16 02:25:58,599 [INFO] Текущая позиция: short
2026-03-16 02:25:58,600 [INFO] Нового сигнала нет.
2026-03-16 02:26:58,601 [INFO] Анализ рынка...
2026-03-16 02:26:58,892 [INFO] 
Время: 2026-03-15 23:15:00
2026-03-16 02:26:58,892 [INFO] MACD_prev=1241.921152, Signal_prev=683.010756
2026-03-16 02:26:58,893 [INFO] MACD_curr=1547.943213, Signal_curr=855.997247
2026-03-16 02:26:59,100 [INFO] Текущая позиция: short
2026-03-16 02:26:59,100 [INFO] Нового сигнала нет.
2026-03-16 02:27:59,101 [INFO] Анализ рынка...
2026-03-16 02:27:59,427 [INFO] 
Время: 2026-03-15 23:15:00
2026-03-16 02:27:59,427 [INFO] MACD_prev=1241.921152, Signal_prev=683.010756
2026-03-16 02:27:59,428 [INFO] MACD_curr=1547.017576, Signal_curr=855.812120
2026-03-16 02:27:59,637 [INFO] Текущая позиция: short
2026-03-16 02:27:59,638 [INFO] Нового сигнала нет.
2026-03-16 02:28:59,638 [INFO] Анализ рынка...
2026-03-16 02:28:59,946 [INFO] 
Время: 2026-03-15 23:15:00
2026-03-16 02:28:59,946 [INFO] MACD_prev=1241.921152, Signal_prev=683.010756
2026-03-16 02:28:59,947 [INFO] MACD_curr=1546.178880, Signal_curr=855.644381
2026-03-16 02:29:00,157 [INFO] Текущая позиция: short
2026-03-16 02:29:00,158 [INFO] Нового сигнала нет.
2026-03-16 02:30:00,158 [INFO] Анализ рынка...
2026-03-16 02:30:00,450 [INFO] 
Время: 2026-03-15 23:30:00
2026-03-16 02:30:00,450 [INFO] MACD_prev=1542.168655, Signal_prev=854.842356
2026-03-16 02:30:00,450 [INFO] MACD_curr=1793.374434, Signal_curr=1042.548771
2026-03-16 02:30:00,658 [INFO] Текущая позиция: short
2026-03-16 02:30:00,659 [INFO] Нового сигнала нет.
2026-03-16 02:31:00,660 [INFO] Анализ рынка...
2026-03-16 02:31:00,986 [INFO] 
Время: 2026-03-15 23:30:00
2026-03-16 02:31:00,987 [INFO] MACD_prev=1542.168655, Signal_prev=854.842356
2026-03-16 02:31:00,987 [INFO] MACD_curr=1795.586323, Signal_curr=1042.991149
2026-03-16 02:31:01,197 [INFO] Текущая позиция: short
2026-03-16 02:31:01,197 [INFO] Нового сигнала нет.
2026-03-16 02:32:01,198 [INFO] Анализ рынка...
2026-03-16 02:32:01,505 [INFO] 
Время: 2026-03-15 23:30:00
2026-03-16 02:32:01,505 [INFO] MACD_prev=1542.168655, Signal_prev=854.842356
2026-03-16 02:32:01,506 [INFO] MACD_curr=1796.604637, Signal_curr=1043.194812
2026-03-16 02:32:01,715 [INFO] Текущая позиция: short
2026-03-16 02:32:01,716 [INFO] Нового сигнала нет.
2026-03-16 02:33:01,717 [INFO] Анализ рынка...
2026-03-16 02:33:02,113 [INFO] 
Время: 2026-03-15 23:30:00
2026-03-16 02:33:02,113 [INFO] MACD_prev=1542.168655, Signal_prev=854.842356
2026-03-16 02:33:02,113 [INFO] MACD_curr=1798.037893, Signal_curr=1043.481463
2026-03-16 02:33:02,320 [INFO] Текущая позиция: short
2026-03-16 02:33:02,321 [INFO] Нового сигнала нет.
2026-03-16 02:34:02,322 [INFO] Анализ рынка...
2026-03-16 02:34:02,645 [INFO] 
Время: 2026-03-15 23:30:00
2026-03-16 02:34:02,646 [INFO] MACD_prev=1542.168655, Signal_prev=854.842356
2026-03-16 02:34:02,646 [INFO] MACD_curr=1785.196490, Signal_curr=1040.913182
2026-03-16 02:34:02,854 [INFO] Текущая позиция: short
2026-03-16 02:34:02,855 [INFO] Нового сигнала нет.
2026-03-16 02:35:02,856 [INFO] Анализ рынка...
2026-03-16 02:35:03,354 [INFO] 
Время: 2026-03-15 23:30:00
2026-03-16 02:35:03,355 [INFO] MACD_prev=1542.168655, Signal_prev=854.842356
2026-03-16 02:35:03,355 [INFO] MACD_curr=1803.238803, Signal_curr=1044.521645
2026-03-16 02:35:03,562 [INFO] Текущая позиция: short
2026-03-16 02:35:03,563 [INFO] Нового сигнала нет.
2026-03-16 02:36:03,564 [INFO] Анализ рынка...
2026-03-16 02:36:03,888 [INFO] 
Время: 2026-03-15 23:30:00
2026-03-16 02:36:03,889 [INFO] MACD_prev=1542.168655, Signal_prev=854.842356
2026-03-16 02:36:03,889 [INFO] MACD_curr=1804.481068, Signal_curr=1044.770098
2026-03-16 02:36:04,100 [INFO] Текущая позиция: short
2026-03-16 02:36:04,100 [INFO] Нового сигнала нет.
2026-03-16 02:37:04,101 [INFO] Анализ рынка...
2026-03-16 02:37:04,398 [INFO] 
Время: 2026-03-15 23:30:00
2026-03-16 02:37:04,399 [INFO] MACD_prev=1542.168655, Signal_prev=854.842356
2026-03-16 02:37:04,399 [INFO] MACD_curr=1805.250397, Signal_curr=1044.923964
2026-03-16 02:37:04,612 [INFO] Текущая позиция: short
2026-03-16 02:37:04,612 [INFO] Нового сигнала нет.
2026-03-16 02:38:04,613 [INFO] Анализ рынка...
2026-03-16 02:38:04,928 [INFO] 
Время: 2026-03-15 23:30:00
2026-03-16 02:38:04,929 [INFO] MACD_prev=1542.168655, Signal_prev=854.842356
2026-03-16 02:38:04,929 [INFO] MACD_curr=1806.392428, Signal_curr=1045.152370
2026-03-16 02:38:05,138 [INFO] Текущая позиция: short
2026-03-16 02:38:05,139 [INFO] Нового сигнала нет.
2026-03-16 02:39:05,140 [INFO] Анализ рынка...
2026-03-16 02:39:05,445 [INFO] 
Время: 2026-03-15 23:30:00
2026-03-16 02:39:05,446 [INFO] MACD_prev=1542.168655, Signal_prev=854.842356
2026-03-16 02:39:05,447 [INFO] MACD_curr=1807.161191, Signal_curr=1045.306123
2026-03-16 02:39:05,672 [INFO] Текущая позиция: short
2026-03-16 02:39:05,673 [INFO] Нового сигнала нет.
2026-03-16 02:40:05,673 [INFO] Анализ рынка...
2026-03-16 02:40:06,068 [INFO] 
Время: 2026-03-15 23:30:00
2026-03-16 02:40:06,069 [INFO] MACD_prev=1542.168655, Signal_prev=854.842356
2026-03-16 02:40:06,069 [INFO] MACD_curr=1807.549991, Signal_curr=1045.383883
2026-03-16 02:40:06,279 [INFO] Текущая позиция: short
2026-03-16 02:40:06,280 [INFO] Нового сигнала нет.
2026-03-16 02:41:06,280 [INFO] Анализ рынка...
2026-03-16 02:41:06,776 [INFO] 
Время: 2026-03-15 23:30:00
2026-03-16 02:41:06,776 [INFO] MACD_prev=1542.168655, Signal_prev=854.842356
2026-03-16 02:41:06,777 [INFO] MACD_curr=1811.426176, Signal_curr=1046.159120
2026-03-16 02:41:06,983 [INFO] Текущая позиция: short
2026-03-16 02:41:06,984 [INFO] Нового сигнала нет.
2026-03-16 02:42:06,985 [INFO] Анализ рынка...
2026-03-16 02:42:07,311 [INFO] 
Время: 2026-03-15 23:30:00
2026-03-16 02:42:07,312 [INFO] MACD_prev=1542.168655, Signal_prev=854.842356
2026-03-16 02:42:07,312 [INFO] MACD_curr=1814.526188, Signal_curr=1046.779122
2026-03-16 02:42:07,538 [INFO] Текущая позиция: short
2026-03-16 02:42:07,538 [INFO] Нового сигнала нет.
2026-03-16 02:43:07,539 [INFO] Анализ рынка...
2026-03-16 02:43:07,829 [INFO] 
Время: 2026-03-15 23:30:00
2026-03-16 02:43:07,830 [INFO] MACD_prev=1542.168655, Signal_prev=854.842356
2026-03-16 02:43:07,830 [INFO] MACD_curr=1817.329191, Signal_curr=1047.339723
2026-03-16 02:43:08,053 [INFO] Текущая позиция: short
2026-03-16 02:43:08,053 [INFO] Нового сигнала нет.
2026-03-16 02:44:08,054 [INFO] Анализ рынка...
2026-03-16 02:44:08,356 [INFO] 
Время: 2026-03-15 23:30:00
2026-03-16 02:44:08,357 [INFO] MACD_prev=1542.168655, Signal_prev=854.842356
2026-03-16 02:44:08,357 [INFO] MACD_curr=1818.387850, Signal_curr=1047.551454
2026-03-16 02:44:08,566 [INFO] Текущая позиция: short
2026-03-16 02:44:08,566 [INFO] Нового сигнала нет.
2026-03-16 02:45:08,567 [INFO] Анализ рынка...
2026-03-16 02:45:08,859 [INFO] 
Время: 2026-03-15 23:45:00
2026-03-16 02:45:08,859 [INFO] MACD_prev=1819.662075, Signal_prev=1047.806476
2026-03-16 02:45:08,859 [INFO] MACD_curr=2055.676064, Signal_curr=1249.380394
2026-03-16 02:45:09,072 [INFO] Текущая позиция: short
2026-03-16 02:45:09,073 [INFO] Нового сигнала нет.
2026-03-16 02:46:09,074 [INFO] Анализ рынка...
2026-03-16 02:46:09,291 [INFO] 
Время: 2026-03-15 23:45:00
2026-03-16 02:46:09,291 [INFO] MACD_prev=1819.662075, Signal_prev=1047.806476
2026-03-16 02:46:09,291 [INFO] MACD_curr=2057.897184, Signal_curr=1249.824618
2026-03-16 02:46:09,495 [INFO] Текущая позиция: short
2026-03-16 02:46:09,495 [INFO] Нового сигнала нет.
2026-03-16 02:47:09,495 [INFO] Анализ рынка...
2026-03-16 02:47:09,737 [INFO] 
Время: 2026-03-15 23:45:00
2026-03-16 02:47:09,737 [INFO] MACD_prev=1819.662075, Signal_prev=1047.806476
2026-03-16 02:47:09,737 [INFO] MACD_curr=2058.666513, Signal_curr=1249.978484
2026-03-16 02:47:09,945 [INFO] Текущая позиция: short
2026-03-16 02:47:09,945 [INFO] Нового сигнала нет.
2026-03-16 02:48:09,946 [INFO] Анализ рынка...
2026-03-16 02:48:10,410 [INFO] 
Время: 2026-03-15 23:45:00
2026-03-16 02:48:10,411 [INFO] MACD_prev=1819.662075, Signal_prev=1047.806476
2026-03-16 02:48:10,411 [INFO] MACD_curr=2060.185110, Signal_curr=1250.282203
2026-03-16 02:48:10,617 [INFO] Текущая позиция: short
2026-03-16 02:48:10,617 [INFO] Нового сигнала нет.
2026-03-16 02:49:10,618 [INFO] Анализ рынка...
2026-03-16 02:49:10,946 [INFO] 
Время: 2026-03-15 23:45:00
2026-03-16 02:49:10,947 [INFO] MACD_prev=1819.662075, Signal_prev=1047.806476
2026-03-16 02:49:10,947 [INFO] MACD_curr=2049.103436, Signal_curr=1248.065868
2026-03-16 02:49:11,159 [INFO] Текущая позиция: short
2026-03-16 02:49:11,160 [INFO] Нового сигнала нет.
2026-03-16 02:50:11,161 [INFO] Анализ рынка...
2026-03-16 02:50:11,464 [INFO] 
Время: 2026-03-15 23:45:00
2026-03-16 02:50:11,465 [INFO] MACD_prev=1819.662075, Signal_prev=1047.806476
2026-03-16 02:50:11,466 [INFO] MACD_curr=2048.671781, Signal_curr=1247.979537
2026-03-16 02:50:11,677 [INFO] Текущая позиция: short
2026-03-16 02:50:11,677 [INFO] Нового сигнала нет.
2026-03-16 02:51:11,679 [INFO] Анализ рынка...
2026-03-16 02:51:11,982 [INFO] 
Время: 2026-03-15 23:45:00
2026-03-16 02:51:11,983 [INFO] MACD_prev=1819.662075, Signal_prev=1047.806476
2026-03-16 02:51:11,984 [INFO] MACD_curr=2048.216224, Signal_curr=1247.888426
2026-03-16 02:51:12,196 [INFO] Текущая позиция: short
2026-03-16 02:51:12,196 [INFO] Нового сигнала нет.
2026-03-16 02:52:12,197 [INFO] Анализ рынка...
2026-03-16 02:52:12,501 [INFO] 
Время: 2026-03-15 23:45:00
2026-03-16 02:52:12,502 [INFO] MACD_prev=1819.662075, Signal_prev=1047.806476
2026-03-16 02:52:12,502 [INFO] MACD_curr=2046.043203, Signal_curr=1247.453822
2026-03-16 02:52:12,711 [INFO] Текущая позиция: short
2026-03-16 02:52:12,711 [INFO] Нового сигнала нет.
2026-03-16 02:53:12,712 [INFO] Анализ рынка...
2026-03-16 02:53:13,018 [INFO] 
Время: 2026-03-15 23:45:00
2026-03-16 02:53:13,019 [INFO] MACD_prev=1819.662075, Signal_prev=1047.806476
2026-03-16 02:53:13,019 [INFO] MACD_curr=2045.159855, Signal_curr=1247.277152
2026-03-16 02:53:13,244 [INFO] Текущая позиция: short
2026-03-16 02:53:13,245 [INFO] Нового сигнала нет.
2026-03-16 02:54:13,246 [INFO] Анализ рынка...
2026-03-16 02:54:13,535 [INFO] 
Время: 2026-03-15 23:45:00
2026-03-16 02:54:13,535 [INFO] MACD_prev=1819.662075, Signal_prev=1047.806476
2026-03-16 02:54:13,535 [INFO] MACD_curr=2044.169061, Signal_curr=1247.078993
2026-03-16 02:54:13,745 [INFO] Текущая позиция: short
2026-03-16 02:54:13,746 [INFO] Нового сигнала нет.
2026-03-16 02:55:13,747 [INFO] Анализ рынка...
2026-03-16 02:55:14,058 [INFO] 
Время: 2026-03-15 23:45:00
2026-03-16 02:55:14,059 [INFO] MACD_prev=1819.662075, Signal_prev=1047.806476
2026-03-16 02:55:14,059 [INFO] MACD_curr=2066.904150, Signal_curr=1251.626011
2026-03-16 02:55:14,268 [INFO] Текущая позиция: short
2026-03-16 02:55:14,268 [INFO] Нового сигнала нет.
2026-03-16 02:56:14,270 [INFO] Анализ рынка...
2026-03-16 02:56:14,529 [INFO] 
Время: 2026-03-15 23:45:00
2026-03-16 02:56:14,530 [INFO] MACD_prev=1819.662075, Signal_prev=1047.806476
2026-03-16 02:56:14,531 [INFO] MACD_curr=2068.673627, Signal_curr=1251.979907
2026-03-16 02:56:14,739 [INFO] Текущая позиция: short
2026-03-16 02:56:14,739 [INFO] Нового сигнала нет.
2026-03-16 02:57:14,741 [INFO] Анализ рынка...
2026-03-16 02:57:15,389 [INFO] 
Время: 2026-03-15 23:45:00
2026-03-16 02:57:15,389 [INFO] MACD_prev=1819.662075, Signal_prev=1047.806476
2026-03-16 02:57:15,389 [INFO] MACD_curr=2070.333886, Signal_curr=1252.311958
2026-03-16 02:57:15,595 [INFO] Текущая позиция: short
2026-03-16 02:57:15,596 [INFO] Нового сигнала нет.
2026-03-16 02:58:15,597 [INFO] Анализ рынка...
2026-03-16 02:58:15,925 [INFO] 
Время: 2026-03-15 23:45:00
2026-03-16 02:58:15,925 [INFO] MACD_prev=1819.662075, Signal_prev=1047.806476
2026-03-16 02:58:15,926 [INFO] MACD_curr=2070.954415, Signal_curr=1252.436064
2026-03-16 02:58:16,138 [INFO] Текущая позиция: short
2026-03-16 02:58:16,139 [INFO] Нового сигнала нет.
2026-03-16 02:59:16,140 [INFO] Анализ рынка...
2026-03-16 02:59:16,436 [INFO] 
Время: 2026-03-15 23:45:00
2026-03-16 02:59:16,436 [INFO] MACD_prev=1819.662075, Signal_prev=1047.806476
2026-03-16 02:59:16,437 [INFO] MACD_curr=2074.073898, Signal_curr=1253.059961
2026-03-16 02:59:16,656 [INFO] Текущая позиция: short
2026-03-16 02:59:16,657 [INFO] Нового сигнала нет.
2026-03-16 03:00:16,658 [INFO] Анализ рынка...
2026-03-16 03:00:16,943 [INFO] 
Время: 2026-03-16 00:00:00
2026-03-16 03:00:16,943 [INFO] MACD_prev=2074.962637, Signal_prev=1253.237906
2026-03-16 03:00:16,944 [INFO] MACD_curr=2294.117194, Signal_curr=1461.413764
2026-03-16 03:00:17,147 [INFO] Текущая позиция: short
2026-03-16 03:00:17,147 [INFO] Нового сигнала нет.
2026-03-16 03:01:17,148 [INFO] Анализ рынка...
2026-03-16 03:01:17,463 [INFO] 
Время: 2026-03-16 00:00:00
2026-03-16 03:01:17,463 [INFO] MACD_prev=2074.962637, Signal_prev=1253.237906
2026-03-16 03:01:17,463 [INFO] MACD_curr=2302.186142, Signal_curr=1463.027553
2026-03-16 03:01:17,669 [INFO] Текущая позиция: short
2026-03-16 03:01:17,669 [INFO] Нового сигнала нет.
2026-03-16 03:02:17,670 [INFO] Анализ рынка...
2026-03-16 03:02:18,000 [INFO] 
Время: 2026-03-16 00:00:00
2026-03-16 03:02:18,001 [INFO] MACD_prev=2074.962637, Signal_prev=1253.237906
2026-03-16 03:02:18,001 [INFO] MACD_curr=2305.549736, Signal_curr=1463.700272
2026-03-16 03:02:18,213 [INFO] Текущая позиция: short
2026-03-16 03:02:18,214 [INFO] Нового сигнала нет.
2026-03-16 03:03:18,215 [INFO] Анализ рынка...
2026-03-16 03:03:18,468 [INFO] 
Время: 2026-03-16 00:00:00
2026-03-16 03:03:18,469 [INFO] MACD_prev=2074.962637, Signal_prev=1253.237906
2026-03-16 03:03:18,469 [INFO] MACD_curr=2308.996136, Signal_curr=1464.389552
2026-03-16 03:03:18,680 [INFO] Текущая позиция: short
2026-03-16 03:03:18,681 [INFO] Нового сигнала нет.
2026-03-16 03:04:18,682 [INFO] Анализ рынка...
2026-03-16 03:04:19,040 [INFO] 
Время: 2026-03-16 00:00:00
2026-03-16 03:04:19,041 [INFO] MACD_prev=2074.962637, Signal_prev=1253.237906
2026-03-16 03:04:19,041 [INFO] MACD_curr=2310.721576, Signal_curr=1464.734640
2026-03-16 03:04:19,250 [INFO] Текущая позиция: short
2026-03-16 03:04:19,250 [INFO] Нового сигнала нет.
2026-03-16 03:05:19,251 [INFO] Анализ рынка...
2026-03-16 03:05:19,537 [INFO] 
Время: 2026-03-16 00:00:00
2026-03-16 03:05:19,537 [INFO] MACD_prev=2074.962637, Signal_prev=1253.237906
2026-03-16 03:05:19,537 [INFO] MACD_curr=2312.236062, Signal_curr=1465.037537
2026-03-16 03:05:19,743 [INFO] Текущая позиция: short
2026-03-16 03:05:19,744 [INFO] Нового сигнала нет.
2026-03-16 03:06:19,745 [INFO] Анализ рынка...
2026-03-16 03:06:20,062 [INFO] 
Время: 2026-03-16 00:00:00
2026-03-16 03:06:20,062 [INFO] MACD_prev=2074.962637, Signal_prev=1253.237906
2026-03-16 03:06:20,062 [INFO] MACD_curr=2313.180530, Signal_curr=1465.226431
2026-03-16 03:06:20,269 [INFO] Текущая позиция: short
2026-03-16 03:06:20,269 [INFO] Нового сигнала нет.
2026-03-16 03:07:20,270 [INFO] Анализ рынка...
2026-03-16 03:07:20,595 [INFO] 
Время: 2026-03-16 00:00:00
2026-03-16 03:07:20,595 [INFO] MACD_prev=2074.962637, Signal_prev=1253.237906
2026-03-16 03:07:20,596 [INFO] MACD_curr=2313.879902, Signal_curr=1465.366305
2026-03-16 03:07:20,806 [INFO] Текущая позиция: short
2026-03-16 03:07:20,807 [INFO] Нового сигнала нет.
2026-03-16 03:08:20,807 [INFO] Анализ рынка...
2026-03-16 03:08:21,106 [INFO] 
Время: 2026-03-16 00:00:00
2026-03-16 03:08:21,107 [INFO] MACD_prev=2074.962637, Signal_prev=1253.237906
2026-03-16 03:08:21,107 [INFO] MACD_curr=2314.519361, Signal_curr=1465.494197
2026-03-16 03:08:21,316 [INFO] Текущая позиция: short
2026-03-16 03:08:21,316 [INFO] Нового сигнала нет.
2026-03-16 03:09:21,317 [INFO] Анализ рынка...
2026-03-16 03:09:21,616 [INFO] 
Время: 2026-03-16 00:00:00
2026-03-16 03:09:21,617 [INFO] MACD_prev=2074.962637, Signal_prev=1253.237906
2026-03-16 03:09:21,617 [INFO] MACD_curr=2315.079631, Signal_curr=1465.606251
2026-03-16 03:09:21,827 [INFO] Текущая позиция: short
2026-03-16 03:09:21,828 [INFO] Нового сигнала нет.
2026-03-16 03:10:21,829 [INFO] Анализ рынка...
2026-03-16 03:10:22,126 [INFO] 
Время: 2026-03-16 00:00:00
2026-03-16 03:10:22,127 [INFO] MACD_prev=2074.962637, Signal_prev=1253.237906
2026-03-16 03:10:22,127 [INFO] MACD_curr=2315.590844, Signal_curr=1465.708493
2026-03-16 03:10:22,336 [INFO] Текущая позиция: short
2026-03-16 03:10:22,337 [INFO] Нового сигнала нет.
2026-03-16 03:11:22,338 [INFO] Анализ рынка...
2026-03-16 03:11:22,569 [INFO] 
Время: 2026-03-16 00:00:00
2026-03-16 03:11:22,569 [INFO] MACD_prev=2074.962637, Signal_prev=1253.237906
2026-03-16 03:11:22,570 [INFO] MACD_curr=2261.319878, Signal_curr=1454.854300
2026-03-16 03:11:22,780 [INFO] Текущая позиция: short
2026-03-16 03:11:22,781 [INFO] Нового сигнала нет.
2026-03-16 03:12:22,781 [INFO] Анализ рынка...
2026-03-16 03:12:23,011 [INFO] 
Время: 2026-03-16 00:00:00
2026-03-16 03:12:23,012 [INFO] MACD_prev=2074.962637, Signal_prev=1253.237906
2026-03-16 03:12:23,012 [INFO] MACD_curr=2258.024911, Signal_curr=1454.195307
2026-03-16 03:12:23,222 [INFO] Текущая позиция: short
2026-03-16 03:12:23,222 [INFO] Нового сигнала нет.
2026-03-16 03:13:23,223 [INFO] Анализ рынка...
2026-03-16 03:13:23,668 [INFO] 
Время: 2026-03-16 00:00:00
2026-03-16 03:13:23,669 [INFO] MACD_prev=2074.962637, Signal_prev=1253.237906
2026-03-16 03:13:23,669 [INFO] MACD_curr=2256.317244, Signal_curr=1453.853773
2026-03-16 03:13:23,880 [INFO] Текущая позиция: short
2026-03-16 03:13:23,880 [INFO] Нового сигнала нет.
2026-03-16 03:14:23,881 [INFO] Анализ рынка...
2026-03-16 03:14:24,113 [INFO] 
Время: 2026-03-16 00:00:00
2026-03-16 03:14:24,114 [INFO] MACD_prev=2074.962637, Signal_prev=1253.237906
2026-03-16 03:14:24,115 [INFO] MACD_curr=2255.399754, Signal_curr=1453.670276
2026-03-16 03:14:24,324 [INFO] Текущая позиция: short
2026-03-16 03:14:24,325 [INFO] Нового сигнала нет.
2026-03-16 03:15:24,326 [INFO] Анализ рынка...
2026-03-16 03:15:24,699 [INFO] 
Время: 2026-03-16 00:15:00
2026-03-16 03:15:24,699 [INFO] MACD_prev=2254.584659, Signal_prev=1453.507117
2026-03-16 03:15:24,700 [INFO] MACD_curr=2371.326577, Signal_curr=1637.071009
2026-03-16 03:15:24,910 [INFO] Текущая позиция: short
2026-03-16 03:15:24,910 [INFO] Нового сигнала нет.
2026-03-16 03:16:24,911 [INFO] Анализ рынка...
2026-03-16 03:16:25,215 [INFO] 
Время: 2026-03-16 00:15:00
2026-03-16 03:16:25,215 [INFO] MACD_prev=2254.584659, Signal_prev=1453.507117
2026-03-16 03:16:25,216 [INFO] MACD_curr=2371.735315, Signal_curr=1637.152756
2026-03-16 03:16:25,425 [INFO] Текущая позиция: short
2026-03-16 03:16:25,426 [INFO] Нового сигнала нет.
2026-03-16 03:17:25,426 [INFO] Анализ рынка...
2026-03-16 03:17:25,658 [INFO] 
Время: 2026-03-16 00:15:00
2026-03-16 03:17:25,658 [INFO] MACD_prev=2254.584659, Signal_prev=1453.507117
2026-03-16 03:17:25,659 [INFO] MACD_curr=2373.020804, Signal_curr=1637.409854
2026-03-16 03:17:25,868 [INFO] Текущая позиция: short
2026-03-16 03:17:25,869 [INFO] Нового сигнала нет.
2026-03-16 03:18:25,870 [INFO] Анализ рынка...
2026-03-16 03:18:26,248 [INFO] 
Время: 2026-03-16 00:15:00
2026-03-16 03:18:26,248 [INFO] MACD_prev=2254.584659, Signal_prev=1453.507117
2026-03-16 03:18:26,249 [INFO] MACD_curr=2373.450737, Signal_curr=1637.495841
2026-03-16 03:18:26,458 [INFO] Текущая позиция: short
2026-03-16 03:18:26,459 [INFO] Нового сигнала нет.
2026-03-16 03:19:26,460 [INFO] Анализ рынка...
2026-03-16 03:19:26,764 [INFO] 
Время: 2026-03-16 00:15:00
2026-03-16 03:19:26,765 [INFO] MACD_prev=2254.584659, Signal_prev=1453.507117
2026-03-16 03:19:26,765 [INFO] MACD_curr=2374.390971, Signal_curr=1637.683887
2026-03-16 03:19:26,974 [INFO] Текущая позиция: short
2026-03-16 03:19:26,975 [INFO] Нового сигнала нет.
2026-03-16 03:20:26,976 [INFO] Анализ рынка...
2026-03-16 03:20:27,281 [INFO] 
Время: 2026-03-16 00:15:00
2026-03-16 03:20:27,282 [INFO] MACD_prev=2254.584659, Signal_prev=1453.507117
2026-03-16 03:20:27,282 [INFO] MACD_curr=2364.886281, Signal_curr=1635.782950
2026-03-16 03:20:27,492 [INFO] Текущая позиция: short
2026-03-16 03:20:27,492 [INFO] Нового сигнала нет.
2026-03-16 03:21:27,493 [INFO] Анализ рынка...
2026-03-16 03:21:27,798 [INFO] 
Время: 2026-03-16 00:15:00
2026-03-16 03:21:27,798 [INFO] MACD_prev=2254.584659, Signal_prev=1453.507117
2026-03-16 03:21:27,799 [INFO] MACD_curr=2363.250343, Signal_curr=1635.455762
2026-03-16 03:21:28,009 [INFO] Текущая позиция: short
2026-03-16 03:21:28,009 [INFO] Нового сигнала нет.
2026-03-16 03:22:28,010 [INFO] Анализ рынка...
2026-03-16 03:22:28,315 [INFO] 
Время: 2026-03-16 00:15:00
2026-03-16 03:22:28,316 [INFO] MACD_prev=2254.584659, Signal_prev=1453.507117
2026-03-16 03:22:28,316 [INFO] MACD_curr=2362.356066, Signal_curr=1635.276907
2026-03-16 03:22:28,531 [INFO] Текущая позиция: short
2026-03-16 03:22:28,532 [INFO] Нового сигнала нет.
2026-03-16 03:23:28,533 [INFO] Анализ рынка...
2026-03-16 03:23:28,833 [INFO] 
Время: 2026-03-16 00:15:00
2026-03-16 03:23:28,834 [INFO] MACD_prev=2254.584659, Signal_prev=1453.507117
2026-03-16 03:23:28,834 [INFO] MACD_curr=2361.453149, Signal_curr=1635.096323
2026-03-16 03:23:29,044 [INFO] Текущая позиция: short
2026-03-16 03:23:29,045 [INFO] Нового сигнала нет.
2026-03-16 03:24:29,046 [INFO] Анализ рынка...
2026-03-16 03:24:29,350 [INFO] 
Время: 2026-03-16 00:15:00
2026-03-16 03:24:29,351 [INFO] MACD_prev=2254.584659, Signal_prev=1453.507117
2026-03-16 03:24:29,351 [INFO] MACD_curr=2359.884952, Signal_curr=1634.782684
2026-03-16 03:24:29,562 [INFO] Текущая позиция: short
2026-03-16 03:24:29,562 [INFO] Нового сигнала нет.
2026-03-16 03:25:29,563 [INFO] Анализ рынка...
2026-03-16 03:25:29,868 [INFO] 
Время: 2026-03-16 00:15:00
2026-03-16 03:25:29,869 [INFO] MACD_prev=2254.584659, Signal_prev=1453.507117
2026-03-16 03:25:29,869 [INFO] MACD_curr=2358.660411, Signal_curr=1634.537775
2026-03-16 03:25:30,079 [INFO] Текущая позиция: short
2026-03-16 03:25:30,080 [INFO] Нового сигнала нет.
2026-03-16 03:26:30,081 [INFO] Анализ рынка...
2026-03-16 03:26:30,385 [INFO] 
Время: 2026-03-16 00:15:00
2026-03-16 03:26:30,386 [INFO] MACD_prev=2254.584659, Signal_prev=1453.507117
2026-03-16 03:26:30,386 [INFO] MACD_curr=2356.786909, Signal_curr=1634.163075
2026-03-16 03:26:30,595 [INFO] Текущая позиция: short
2026-03-16 03:26:30,596 [INFO] Нового сигнала нет.
2026-03-16 03:27:30,597 [INFO] Анализ рынка...
2026-03-16 03:27:30,903 [INFO] 
Время: 2026-03-16 00:15:00
2026-03-16 03:27:30,904 [INFO] MACD_prev=2254.584659, Signal_prev=1453.507117
2026-03-16 03:27:30,905 [INFO] MACD_curr=2355.975684, Signal_curr=1634.000830
2026-03-16 03:27:31,116 [INFO] Текущая позиция: short
2026-03-16 03:27:31,116 [INFO] Нового сигнала нет.
2026-03-16 03:28:31,117 [INFO] Анализ рынка...
2026-03-16 03:28:31,405 [INFO] 
Время: 2026-03-16 00:15:00
2026-03-16 03:28:31,405 [INFO] MACD_prev=2254.584659, Signal_prev=1453.507117
2026-03-16 03:28:31,405 [INFO] MACD_curr=2355.769014, Signal_curr=1633.959496
2026-03-16 03:28:31,612 [INFO] Текущая позиция: short
2026-03-16 03:28:31,613 [INFO] Нового сигнала нет.
2026-03-16 03:29:31,614 [INFO] Анализ рынка...
2026-03-16 03:29:31,937 [INFO] 
Время: 2026-03-16 00:15:00
2026-03-16 03:29:31,937 [INFO] MACD_prev=2254.584659, Signal_prev=1453.507117
2026-03-16 03:29:31,938 [INFO] MACD_curr=2354.743241, Signal_curr=1633.754342
2026-03-16 03:29:32,149 [INFO] Текущая позиция: short
2026-03-16 03:29:32,149 [INFO] Нового сигнала нет.
2026-03-16 03:30:32,150 [INFO] Анализ рынка...
2026-03-16 03:30:32,457 [INFO] 
Время: 2026-03-16 00:30:00
2026-03-16 03:30:32,457 [INFO] MACD_prev=2354.536862, Signal_prev=1633.713028
2026-03-16 03:30:32,458 [INFO] MACD_curr=2395.789993, Signal_curr=1786.128421
2026-03-16 03:30:32,666 [INFO] Текущая позиция: short
2026-03-16 03:30:32,667 [INFO] Нового сигнала нет.
2026-03-16 03:31:32,667 [INFO] Анализ рынка...
2026-03-16 03:31:32,968 [INFO] 
Время: 2026-03-16 00:30:00
2026-03-16 03:31:32,968 [INFO] MACD_prev=2354.536862, Signal_prev=1633.713028
2026-03-16 03:31:32,969 [INFO] MACD_curr=2396.426227, Signal_curr=1786.255668
2026-03-16 03:31:33,179 [INFO] Текущая позиция: short
2026-03-16 03:31:33,180 [INFO] Нового сигнала нет.
2026-03-16 03:32:33,181 [INFO] Анализ рынка...
2026-03-16 03:32:33,485 [INFO] 
Время: 2026-03-16 00:30:00
2026-03-16 03:32:33,486 [INFO] MACD_prev=2354.536862, Signal_prev=1633.713028
2026-03-16 03:32:33,486 [INFO] MACD_curr=2397.381599, Signal_curr=1786.446742
2026-03-16 03:32:33,694 [INFO] Текущая позиция: short
2026-03-16 03:32:33,694 [INFO] Нового сигнала нет.
2026-03-16 03:33:33,695 [INFO] Анализ рынка...
2026-03-16 03:33:34,300 [INFO] 
Время: 2026-03-16 00:30:00
2026-03-16 03:33:34,300 [INFO] MACD_prev=2354.536862, Signal_prev=1633.713028
2026-03-16 03:33:34,300 [INFO] MACD_curr=2398.137784, Signal_curr=1786.597979
2026-03-16 03:33:34,506 [INFO] Текущая позиция: short
2026-03-16 03:33:34,507 [INFO] Нового сигнала нет.
2026-03-16 03:34:34,508 [INFO] Анализ рынка...
2026-03-16 03:34:34,815 [INFO] 
Время: 2026-03-16 00:30:00
2026-03-16 03:34:34,815 [INFO] MACD_prev=2354.536862, Signal_prev=1633.713028
2026-03-16 03:34:34,815 [INFO] MACD_curr=2398.805525, Signal_curr=1786.731527
2026-03-16 03:34:35,021 [INFO] Текущая позиция: short
2026-03-16 03:34:35,022 [INFO] Нового сигнала нет.
2026-03-16 03:35:35,023 [INFO] Анализ рынка...
2026-03-16 03:35:35,254 [INFO] 
Время: 2026-03-16 00:30:00
2026-03-16 03:35:35,255 [INFO] MACD_prev=2354.536862, Signal_prev=1633.713028
2026-03-16 03:35:35,255 [INFO] MACD_curr=2399.993784, Signal_curr=1786.969179
2026-03-16 03:35:35,464 [INFO] Текущая позиция: short
2026-03-16 03:35:35,465 [INFO] Нового сигнала нет.
2026-03-16 03:36:35,466 [INFO] Анализ рынка...
2026-03-16 03:36:36,156 [INFO] 
Время: 2026-03-16 00:30:00
2026-03-16 03:36:36,156 [INFO] MACD_prev=2354.536862, Signal_prev=1633.713028
2026-03-16 03:36:36,156 [INFO] MACD_curr=2401.737144, Signal_curr=1787.317851
2026-03-16 03:36:36,363 [INFO] Текущая позиция: short
2026-03-16 03:36:36,364 [INFO] Нового сигнала нет.
2026-03-16 03:37:36,365 [INFO] Анализ рынка...
2026-03-16 03:37:36,680 [INFO] 
Время: 2026-03-16 00:30:00
2026-03-16 03:37:36,680 [INFO] MACD_prev=2354.536862, Signal_prev=1633.713028
2026-03-16 03:37:36,680 [INFO] MACD_curr=2405.791076, Signal_curr=1788.128638
2026-03-16 03:37:36,891 [INFO] Текущая позиция: short
2026-03-16 03:37:36,891 [INFO] Нового сигнала нет.
2026-03-16 03:38:36,892 [INFO] Анализ рынка...
2026-03-16 03:38:37,197 [INFO] 
Время: 2026-03-16 00:30:00
2026-03-16 03:38:37,197 [INFO] MACD_prev=2354.536862, Signal_prev=1633.713028
2026-03-16 03:38:37,197 [INFO] MACD_curr=2406.365574, Signal_curr=1788.243537
2026-03-16 03:38:37,406 [INFO] Текущая позиция: short
2026-03-16 03:38:37,406 [INFO] Нового сигнала нет.
2026-03-16 03:39:37,408 [INFO] Анализ рынка...
2026-03-16 03:39:37,925 [INFO] 
Время: 2026-03-16 00:30:00
2026-03-16 03:39:37,925 [INFO] MACD_prev=2354.536862, Signal_prev=1633.713028
2026-03-16 03:39:37,925 [INFO] MACD_curr=2407.047224, Signal_curr=1788.379867
2026-03-16 03:39:38,131 [INFO] Текущая позиция: short
2026-03-16 03:39:38,131 [INFO] Нового сигнала нет.
2026-03-16 03:40:38,132 [INFO] Анализ рынка...
2026-03-16 03:40:38,528 [INFO] 
Время: 2026-03-16 00:30:00
2026-03-16 03:40:38,528 [INFO] MACD_prev=2354.536862, Signal_prev=1633.713028
2026-03-16 03:40:38,528 [INFO] MACD_curr=2382.153981, Signal_curr=1783.401218
2026-03-16 03:40:38,734 [INFO] Текущая позиция: short
2026-03-16 03:40:38,734 [INFO] Нового сигнала нет.
2026-03-16 03:41:38,735 [INFO] Анализ рынка...
2026-03-16 03:41:39,044 [INFO] 
Время: 2026-03-16 00:30:00
2026-03-16 03:41:39,045 [INFO] MACD_prev=2354.536862, Signal_prev=1633.713028
2026-03-16 03:41:39,045 [INFO] MACD_curr=2381.436319, Signal_curr=1783.257686
2026-03-16 03:41:39,251 [INFO] Текущая позиция: short
2026-03-16 03:41:39,252 [INFO] Нового сигнала нет.
2026-03-16 03:42:39,253 [INFO] Анализ рынка...
2026-03-16 03:42:39,662 [INFO] 
Время: 2026-03-16 00:30:00
2026-03-16 03:42:39,663 [INFO] MACD_prev=2354.536862, Signal_prev=1633.713028
2026-03-16 03:42:39,663 [INFO] MACD_curr=2410.120922, Signal_curr=1788.994607
2026-03-16 03:42:39,871 [INFO] Текущая позиция: short
2026-03-16 03:42:39,872 [INFO] Нового сигнала нет.
2026-03-16 03:43:39,872 [INFO] Анализ рынка...
2026-03-16 03:43:40,183 [INFO] 
Время: 2026-03-16 00:30:00
2026-03-16 03:43:40,184 [INFO] MACD_prev=2354.536862, Signal_prev=1633.713028
2026-03-16 03:43:40,184 [INFO] MACD_curr=2410.385611, Signal_curr=1789.047545
2026-03-16 03:43:40,391 [INFO] Текущая позиция: short
2026-03-16 03:43:40,391 [INFO] Нового сигнала нет.
2026-03-16 03:44:40,392 [INFO] Анализ рынка...
2026-03-16 03:44:40,640 [INFO] 
Время: 2026-03-16 00:30:00
2026-03-16 03:44:40,641 [INFO] MACD_prev=2354.536862, Signal_prev=1633.713028
2026-03-16 03:44:40,641 [INFO] MACD_curr=2410.710165, Signal_curr=1789.112455
2026-03-16 03:44:40,851 [INFO] Текущая позиция: short
2026-03-16 03:44:40,851 [INFO] Нового сигнала нет.
2026-03-16 03:45:40,852 [INFO] Анализ рынка...
2026-03-16 03:45:41,352 [INFO] 
Время: 2026-03-16 00:45:00
2026-03-16 03:45:41,352 [INFO] MACD_prev=2410.804571, Signal_prev=1789.131378
2026-03-16 03:45:41,352 [INFO] MACD_curr=2429.628045, Signal_curr=1917.230711
2026-03-16 03:45:41,559 [INFO] Текущая позиция: short
2026-03-16 03:45:41,560 [INFO] Нового сигнала нет.
2026-03-16 03:46:41,561 [INFO] Анализ рынка...
2026-03-16 03:46:41,950 [INFO] 
Время: 2026-03-16 00:45:00
2026-03-16 03:46:41,951 [INFO] MACD_prev=2410.804571, Signal_prev=1789.131378
2026-03-16 03:46:41,951 [INFO] MACD_curr=2430.769263, Signal_curr=1917.458955
2026-03-16 03:46:42,160 [INFO] Текущая позиция: short
2026-03-16 03:46:42,161 [INFO] Нового сигнала нет.
2026-03-16 03:47:42,162 [INFO] Анализ рынка...
2026-03-16 03:47:42,470 [INFO] 
Время: 2026-03-16 00:45:00
2026-03-16 03:47:42,471 [INFO] MACD_prev=2410.804571, Signal_prev=1789.131378
2026-03-16 03:47:42,471 [INFO] MACD_curr=2431.601805, Signal_curr=1917.625463
2026-03-16 03:47:42,682 [INFO] Текущая позиция: short
2026-03-16 03:47:42,683 [INFO] Нового сигнала нет.
2026-03-16 03:48:42,684 [INFO] Анализ рынка...
2026-03-16 03:48:42,990 [INFO] 
Время: 2026-03-16 00:45:00
2026-03-16 03:48:42,990 [INFO] MACD_prev=2410.804571, Signal_prev=1789.131378
2026-03-16 03:48:42,991 [INFO] MACD_curr=2432.020217, Signal_curr=1917.709146
2026-03-16 03:48:43,201 [INFO] Текущая позиция: short
2026-03-16 03:48:43,202 [INFO] Нового сигнала нет.
2026-03-16 03:49:43,203 [INFO] Анализ рынка...
2026-03-16 03:49:43,504 [INFO] 
Время: 2026-03-16 00:45:00
2026-03-16 03:49:43,504 [INFO] MACD_prev=2410.804571, Signal_prev=1789.131378
2026-03-16 03:49:43,505 [INFO] MACD_curr=2432.833608, Signal_curr=1917.871824
2026-03-16 03:49:43,713 [INFO] Текущая позиция: short
2026-03-16 03:49:43,713 [INFO] Нового сигнала нет.
2026-03-16 03:50:43,714 [INFO] Анализ рынка...
2026-03-16 03:50:44,023 [INFO] 
Время: 2026-03-16 00:45:00
2026-03-16 03:50:44,024 [INFO] MACD_prev=2410.804571, Signal_prev=1789.131378
2026-03-16 03:50:44,024 [INFO] MACD_curr=2433.211355, Signal_curr=1917.947373
2026-03-16 03:50:44,234 [INFO] Текущая позиция: short
2026-03-16 03:50:44,235 [INFO] Нового сигнала нет.
2026-03-16 03:51:44,236 [INFO] Анализ рынка...
2026-03-16 03:51:45,169 [INFO] 
Время: 2026-03-16 00:45:00
2026-03-16 03:51:45,170 [INFO] MACD_prev=2410.804571, Signal_prev=1789.131378
2026-03-16 03:51:45,170 [INFO] MACD_curr=2434.806063, Signal_curr=1918.266315
2026-03-16 03:51:45,377 [INFO] Текущая позиция: short
2026-03-16 03:51:45,377 [INFO] Нового сигнала нет.
2026-03-16 03:52:45,378 [INFO] Анализ рынка...
2026-03-16 03:52:45,682 [INFO] 
Время: 2026-03-16 00:45:00
2026-03-16 03:52:45,682 [INFO] MACD_prev=2410.804571, Signal_prev=1789.131378
2026-03-16 03:52:45,683 [INFO] MACD_curr=2435.557842, Signal_curr=1918.416671
2026-03-16 03:52:45,893 [INFO] Текущая позиция: short
2026-03-16 03:52:45,894 [INFO] Нового сигнала нет.
2026-03-16 03:53:45,895 [INFO] Анализ рынка...
2026-03-16 03:53:46,208 [INFO] 
Время: 2026-03-16 00:45:00
2026-03-16 03:53:46,209 [INFO] MACD_prev=2410.804571, Signal_prev=1789.131378
2026-03-16 03:53:46,209 [INFO] MACD_curr=2436.286802, Signal_curr=1918.562463
2026-03-16 03:53:46,576 [INFO] Текущая позиция: short
2026-03-16 03:53:46,576 [INFO] Нового сигнала нет.
2026-03-16 03:54:46,577 [INFO] Анализ рынка...
2026-03-16 03:54:47,244 [INFO] 
Время: 2026-03-16 00:45:00
2026-03-16 03:54:47,244 [INFO] MACD_prev=2410.804571, Signal_prev=1789.131378
2026-03-16 03:54:47,244 [INFO] MACD_curr=2436.515232, Signal_curr=1918.608149
2026-03-16 03:54:47,818 [INFO] Текущая позиция: short
2026-03-16 03:54:47,819 [INFO] Нового сигнала нет.
2026-03-16 03:55:47,820 [INFO] Анализ рынка...
2026-03-16 03:55:48,166 [INFO] 
Время: 2026-03-16 00:45:00
2026-03-16 03:55:48,167 [INFO] MACD_prev=2410.804571, Signal_prev=1789.131378
2026-03-16 03:55:48,167 [INFO] MACD_curr=2436.995257, Signal_curr=1918.704154
2026-03-16 03:55:48,382 [INFO] Текущая позиция: short
2026-03-16 03:55:48,382 [INFO] Нового сигнала нет.
2026-03-16 03:56:48,383 [INFO] Анализ рынка...
2026-03-16 03:56:48,689 [INFO] 
Время: 2026-03-16 00:45:00
2026-03-16 03:56:48,690 [INFO] MACD_prev=2410.804571, Signal_prev=1789.131378
2026-03-16 03:56:48,690 [INFO] MACD_curr=2437.208352, Signal_curr=1918.746773
2026-03-16 03:56:48,905 [INFO] Текущая позиция: short
2026-03-16 03:56:48,905 [INFO] Нового сигнала нет.
2026-03-16 03:57:48,906 [INFO] Анализ рынка...
2026-03-16 03:57:49,207 [INFO] 
Время: 2026-03-16 00:45:00
2026-03-16 03:57:49,207 [INFO] MACD_prev=2410.804571, Signal_prev=1789.131378
2026-03-16 03:57:49,208 [INFO] MACD_curr=2437.367565, Signal_curr=1918.778615
2026-03-16 03:57:49,422 [INFO] Текущая позиция: short
2026-03-16 03:57:49,422 [INFO] Нового сигнала нет.
2026-03-16 03:58:49,423 [INFO] Анализ рынка...
2026-03-16 03:58:49,659 [INFO] 
Время: 2026-03-16 00:45:00
2026-03-16 03:58:49,660 [INFO] MACD_prev=2410.804571, Signal_prev=1789.131378
2026-03-16 03:58:49,660 [INFO] MACD_curr=2438.127195, Signal_curr=1918.930541
2026-03-16 03:58:49,876 [INFO] Текущая позиция: short
2026-03-16 03:58:49,877 [INFO] Нового сигнала нет.
2026-03-16 03:59:49,877 [INFO] Анализ рынка...
2026-03-16 03:59:50,142 [INFO] 
Время: 2026-03-16 00:45:00
2026-03-16 03:59:50,143 [INFO] MACD_prev=2410.804571, Signal_prev=1789.131378
2026-03-16 03:59:50,143 [INFO] MACD_curr=2438.286752, Signal_curr=1918.962453
2026-03-16 03:59:50,361 [INFO] Текущая позиция: short
2026-03-16 03:59:50,361 [INFO] Нового сигнала нет.
2026-03-16 04:00:50,362 [INFO] Анализ рынка...
2026-03-16 04:00:50,765 [INFO] 
Время: 2026-03-16 01:00:00
2026-03-16 04:00:50,766 [INFO] MACD_prev=2438.363035, Signal_prev=1918.977643
2026-03-16 04:00:50,766 [INFO] MACD_curr=2440.202822, Signal_curr=2023.222679
2026-03-16 04:00:50,983 [INFO] Текущая позиция: short
2026-03-16 04:00:50,983 [INFO] Нового сигнала нет.
2026-03-16 04:01:50,985 [INFO] Анализ рынка...
2026-03-16 04:01:51,280 [INFO] 
Время: 2026-03-16 01:00:00
2026-03-16 04:01:51,281 [INFO] MACD_prev=2438.363035, Signal_prev=1918.977643
2026-03-16 04:01:51,281 [INFO] MACD_curr=2440.479425, Signal_curr=2023.278000
2026-03-16 04:01:51,496 [INFO] Текущая позиция: short
2026-03-16 04:01:51,496 [INFO] Нового сигнала нет.
2026-03-16 04:02:51,497 [INFO] Анализ рынка...
2026-03-16 04:02:51,790 [INFO] 
Время: 2026-03-16 01:00:00
2026-03-16 04:02:51,790 [INFO] MACD_prev=2438.363035, Signal_prev=1918.977643
2026-03-16 04:02:51,790 [INFO] MACD_curr=2436.573628, Signal_curr=2022.496840
2026-03-16 04:02:52,002 [INFO] Текущая позиция: short
2026-03-16 04:02:52,002 [INFO] Нового сигнала нет.
2026-03-16 04:03:52,004 [INFO] Анализ рынка...
2026-03-16 04:03:52,243 [INFO] 
Время: 2026-03-16 01:00:00
2026-03-16 04:03:52,243 [INFO] MACD_prev=2438.363035, Signal_prev=1918.977643
2026-03-16 04:03:52,244 [INFO] MACD_curr=2435.798071, Signal_curr=2022.341729
2026-03-16 04:03:52,460 [INFO] Текущая позиция: short
2026-03-16 04:03:52,461 [INFO] Нового сигнала нет.
2026-03-16 04:04:52,462 [INFO] Анализ рынка...
2026-03-16 04:04:52,842 [INFO] 
Время: 2026-03-16 01:00:00
2026-03-16 04:04:52,842 [INFO] MACD_prev=2438.363035, Signal_prev=1918.977643
2026-03-16 04:04:52,843 [INFO] MACD_curr=2433.648705, Signal_curr=2021.911856
2026-03-16 04:04:53,057 [INFO] Текущая позиция: short
2026-03-16 04:04:53,058 [INFO] Нового сигнала нет.
2026-03-16 04:05:53,059 [INFO] Анализ рынка...
2026-03-16 04:05:53,361 [INFO] 
Время: 2026-03-16 01:00:00
2026-03-16 04:05:53,362 [INFO] MACD_prev=2438.363035, Signal_prev=1918.977643
2026-03-16 04:05:53,363 [INFO] MACD_curr=2433.018158, Signal_curr=2021.785746
2026-03-16 04:05:53,578 [INFO] Текущая позиция: short
2026-03-16 04:05:53,578 [INFO] Нового сигнала нет.
2026-03-16 04:06:53,579 [INFO] Анализ рынка...
2026-03-16 04:06:53,816 [INFO] 
Время: 2026-03-16 01:00:00
2026-03-16 04:06:53,817 [INFO] MACD_prev=2438.363035, Signal_prev=1918.977643
2026-03-16 04:06:53,817 [INFO] MACD_curr=2431.503524, Signal_curr=2021.482819
2026-03-16 04:06:54,034 [INFO] Текущая позиция: short
2026-03-16 04:06:54,035 [INFO] Нового сигнала нет.
2026-03-16 04:07:54,036 [INFO] Анализ рынка...
2026-03-16 04:07:54,397 [INFO] 
Время: 2026-03-16 01:00:00
2026-03-16 04:07:54,398 [INFO] MACD_prev=2438.363035, Signal_prev=1918.977643
2026-03-16 04:07:54,398 [INFO] MACD_curr=2430.591204, Signal_curr=2021.300355
2026-03-16 04:07:54,615 [INFO] Текущая позиция: short
2026-03-16 04:07:54,615 [INFO] Нового сигнала нет.
2026-03-16 04:08:54,616 [INFO] Анализ рынка...
2026-03-16 04:08:54,856 [INFO] 
Время: 2026-03-16 01:00:00
2026-03-16 04:08:54,857 [INFO] MACD_prev=2438.363035, Signal_prev=1918.977643
2026-03-16 04:08:54,857 [INFO] MACD_curr=2429.816336, Signal_curr=2021.145382
2026-03-16 04:08:55,073 [INFO] Текущая позиция: short
2026-03-16 04:08:55,074 [INFO] Нового сигнала нет.
2026-03-16 04:09:55,075 [INFO] Анализ рынка...
2026-03-16 04:09:55,314 [INFO] 
Время: 2026-03-16 01:00:00
2026-03-16 04:09:55,314 [INFO] MACD_prev=2438.363035, Signal_prev=1918.977643
2026-03-16 04:09:55,315 [INFO] MACD_curr=2429.129050, Signal_curr=2021.007924
2026-03-16 04:09:55,530 [INFO] Текущая позиция: short
2026-03-16 04:09:55,531 [INFO] Нового сигнала нет.
2026-03-16 04:10:55,532 [INFO] Анализ рынка...
2026-03-16 04:10:55,938 [INFO] 
Время: 2026-03-16 01:00:00
2026-03-16 04:10:55,938 [INFO] MACD_prev=2438.363035, Signal_prev=1918.977643
2026-03-16 04:10:55,939 [INFO] MACD_curr=2428.008779, Signal_curr=2020.783870
2026-03-16 04:10:56,152 [INFO] Текущая позиция: short
2026-03-16 04:10:56,152 [INFO] Нового сигнала нет.
2026-03-16 04:11:56,153 [INFO] Анализ рынка...
2026-03-16 04:11:56,417 [INFO] 
Время: 2026-03-16 01:00:00
2026-03-16 04:11:56,418 [INFO] MACD_prev=2438.363035, Signal_prev=1918.977643
2026-03-16 04:11:56,418 [INFO] MACD_curr=2427.441345, Signal_curr=2020.670384
2026-03-16 04:11:56,633 [INFO] Текущая позиция: short
2026-03-16 04:11:56,633 [INFO] Нового сигнала нет.
2026-03-16 04:12:56,634 [INFO] Анализ рынка...
2026-03-16 04:12:56,871 [INFO] 
Время: 2026-03-16 01:00:00
2026-03-16 04:12:56,872 [INFO] MACD_prev=2438.363035, Signal_prev=1918.977643
2026-03-16 04:12:56,872 [INFO] MACD_curr=2426.981358, Signal_curr=2020.578386
2026-03-16 04:12:57,088 [INFO] Текущая позиция: short
2026-03-16 04:12:57,088 [INFO] Нового сигнала нет.
2026-03-16 04:13:57,090 [INFO] Анализ рынка...
2026-03-16 04:13:57,493 [INFO] 
Время: 2026-03-16 01:00:00
2026-03-16 04:13:57,493 [INFO] MACD_prev=2438.363035, Signal_prev=1918.977643
2026-03-16 04:13:57,494 [INFO] MACD_curr=2425.121739, Signal_curr=2020.206462
2026-03-16 04:13:57,708 [INFO] Текущая позиция: short
2026-03-16 04:13:57,708 [INFO] Нового сигнала нет.
2026-03-16 04:14:57,709 [INFO] Анализ рынка...
2026-03-16 04:14:58,026 [INFO] 
Время: 2026-03-16 01:00:00
2026-03-16 04:14:58,027 [INFO] MACD_prev=2438.363035, Signal_prev=1918.977643
2026-03-16 04:14:58,027 [INFO] MACD_curr=2421.171536, Signal_curr=2019.416422
2026-03-16 04:14:58,242 [INFO] Текущая позиция: short
2026-03-16 04:14:58,243 [INFO] Нового сигнала нет.
2026-03-16 04:15:58,244 [INFO] Анализ рынка...
2026-03-16 04:15:58,485 [INFO] 
Время: 2026-03-16 01:15:00
2026-03-16 04:15:58,486 [INFO] MACD_prev=2421.165390, Signal_prev=2019.415170
2026-03-16 04:15:58,486 [INFO] MACD_curr=2374.691729, Signal_curr=2090.470482
2026-03-16 04:15:58,702 [INFO] Текущая позиция: short
2026-03-16 04:15:58,702 [INFO] Нового сигнала нет.
2026-03-16 04:16:58,703 [INFO] Анализ рынка...
2026-03-16 04:16:59,060 [INFO] 
Время: 2026-03-16 01:15:00
2026-03-16 04:16:59,061 [INFO] MACD_prev=2421.165390, Signal_prev=2019.415170
2026-03-16 04:16:59,061 [INFO] MACD_curr=2375.123138, Signal_curr=2090.556764
2026-03-16 04:16:59,275 [INFO] Текущая позиция: short
2026-03-16 04:16:59,276 [INFO] Нового сигнала нет.
2026-03-16 04:17:59,276 [INFO] Анализ рынка...
2026-03-16 04:17:59,568 [INFO] 
Время: 2026-03-16 01:15:00
2026-03-16 04:17:59,568 [INFO] MACD_prev=2421.165390, Signal_prev=2019.415170
2026-03-16 04:17:59,568 [INFO] MACD_curr=2375.588222, Signal_curr=2090.649780
2026-03-16 04:17:59,784 [INFO] Текущая позиция: short
2026-03-16 04:17:59,785 [INFO] Нового сигнала нет.
2026-03-16 04:18:59,786 [INFO] Анализ рынка...
2026-03-16 04:19:00,031 [INFO] 
Время: 2026-03-16 01:15:00
2026-03-16 04:19:00,031 [INFO] MACD_prev=2421.165390, Signal_prev=2019.415170
2026-03-16 04:19:00,031 [INFO] MACD_curr=2375.975988, Signal_curr=2090.727334
2026-03-16 04:19:00,243 [INFO] Текущая позиция: short
2026-03-16 04:19:00,244 [INFO] Нового сигнала нет.
2026-03-16 04:20:00,245 [INFO] Анализ рынка...
2026-03-16 04:20:00,602 [INFO] 
Время: 2026-03-16 01:15:00
2026-03-16 04:20:00,602 [INFO] MACD_prev=2421.165390, Signal_prev=2019.415170
2026-03-16 04:20:00,602 [INFO] MACD_curr=2376.637674, Signal_curr=2090.859671
2026-03-16 04:20:00,814 [INFO] Текущая позиция: short
2026-03-16 04:20:00,815 [INFO] Нового сигнала нет.
2026-03-16 04:21:00,816 [INFO] Анализ рынка...
2026-03-16 04:21:01,134 [INFO] 
Время: 2026-03-16 01:15:00
2026-03-16 04:21:01,135 [INFO] MACD_prev=2421.165390, Signal_prev=2019.415170
2026-03-16 04:21:01,135 [INFO] MACD_curr=2377.232578, Signal_curr=2090.978652
2026-03-16 04:21:01,350 [INFO] Текущая позиция: short
2026-03-16 04:21:01,350 [INFO] Нового сигнала нет.
2026-03-16 04:22:01,351 [INFO] Анализ рынка...
2026-03-16 04:22:01,653 [INFO] 
Время: 2026-03-16 01:15:00
2026-03-16 04:22:01,654 [INFO] MACD_prev=2421.165390, Signal_prev=2019.415170
2026-03-16 04:22:01,654 [INFO] MACD_curr=2378.890942, Signal_curr=2091.310324
2026-03-16 04:22:01,868 [INFO] Текущая позиция: short
2026-03-16 04:22:01,868 [INFO] Нового сигнала нет.
2026-03-16 04:23:01,869 [INFO] Анализ рынка...
2026-03-16 04:23:02,171 [INFO] 
Время: 2026-03-16 01:15:00
2026-03-16 04:23:02,172 [INFO] MACD_prev=2421.165390, Signal_prev=2019.415170
2026-03-16 04:23:02,172 [INFO] MACD_curr=2379.191102, Signal_curr=2091.370356
2026-03-16 04:23:02,386 [INFO] Текущая позиция: short
2026-03-16 04:23:02,387 [INFO] Нового сигнала нет.
2026-03-16 04:24:02,387 [INFO] Анализ рынка...
2026-03-16 04:24:02,688 [INFO] 
Время: 2026-03-16 01:15:00
2026-03-16 04:24:02,689 [INFO] MACD_prev=2421.165390, Signal_prev=2019.415170
2026-03-16 04:24:02,689 [INFO] MACD_curr=2381.261231, Signal_curr=2091.784382
2026-03-16 04:24:02,906 [INFO] Текущая позиция: short
2026-03-16 04:24:02,906 [INFO] Нового сигнала нет.
2026-03-16 04:25:02,907 [INFO] Анализ рынка...
2026-03-16 04:25:03,216 [INFO] 
Время: 2026-03-16 01:15:00
2026-03-16 04:25:03,217 [INFO] MACD_prev=2421.165390, Signal_prev=2019.415170
2026-03-16 04:25:03,217 [INFO] MACD_curr=2382.369022, Signal_curr=2092.005940
2026-03-16 04:25:03,433 [INFO] Текущая позиция: short
2026-03-16 04:25:03,434 [INFO] Нового сигнала нет.
2026-03-16 04:26:03,435 [INFO] Анализ рынка...
2026-03-16 04:26:03,748 [INFO] 
Время: 2026-03-16 01:15:00
2026-03-16 04:26:03,749 [INFO] MACD_prev=2421.165390, Signal_prev=2019.415170
2026-03-16 04:26:03,750 [INFO] MACD_curr=2384.328012, Signal_curr=2092.397739
2026-03-16 04:26:03,967 [INFO] Текущая позиция: short
2026-03-16 04:26:03,967 [INFO] Нового сигнала нет.
2026-03-16 04:27:03,969 [INFO] Анализ рынка...
2026-03-16 04:27:04,882 [INFO] 
Время: 2026-03-16 01:15:00
2026-03-16 04:27:04,882 [INFO] MACD_prev=2421.165390, Signal_prev=2019.415170
2026-03-16 04:27:04,882 [INFO] MACD_curr=2385.983323, Signal_curr=2092.728801
2026-03-16 04:27:05,095 [INFO] Текущая позиция: short
2026-03-16 04:27:05,096 [INFO] Нового сигнала нет.
2026-03-16 04:28:05,096 [INFO] Анализ рынка...
2026-03-16 04:28:05,340 [INFO] 
Время: 2026-03-16 01:15:00
2026-03-16 04:28:05,340 [INFO] MACD_prev=2421.165390, Signal_prev=2019.415170
2026-03-16 04:28:05,341 [INFO] MACD_curr=2388.249366, Signal_curr=2093.182009
2026-03-16 04:28:05,558 [INFO] Текущая позиция: short
2026-03-16 04:28:05,558 [INFO] Нового сигнала нет.
2026-03-16 04:29:05,559 [INFO] Анализ рынка...
2026-03-16 04:29:05,950 [INFO] 
Время: 2026-03-16 01:15:00
2026-03-16 04:29:05,950 [INFO] MACD_prev=2421.165390, Signal_prev=2019.415170
2026-03-16 04:29:05,951 [INFO] MACD_curr=2389.796345, Signal_curr=2093.491405
2026-03-16 04:29:06,165 [INFO] Текущая позиция: short
2026-03-16 04:29:06,165 [INFO] Нового сигнала нет.
2026-03-16 04:30:06,166 [INFO] Анализ рынка...
2026-03-16 04:30:06,425 [INFO] 
Время: 2026-03-16 01:30:00
2026-03-16 04:30:06,425 [INFO] MACD_prev=2390.717184, Signal_prev=2093.675609
2026-03-16 04:30:06,425 [INFO] MACD_curr=2345.957227, Signal_curr=2144.131933
2026-03-16 04:30:06,638 [INFO] Текущая позиция: short
2026-03-16 04:30:06,638 [INFO] Нового сигнала нет.
2026-03-16 04:31:06,639 [INFO] Анализ рынка...
2026-03-16 04:31:07,306 [INFO] 
Время: 2026-03-16 01:30:00
2026-03-16 04:31:07,306 [INFO] MACD_prev=2390.717184, Signal_prev=2093.675609
2026-03-16 04:31:07,306 [INFO] MACD_curr=2343.964267, Signal_curr=2143.733341
2026-03-16 04:31:07,522 [INFO] Текущая позиция: short
2026-03-16 04:31:07,522 [INFO] Нового сигнала нет.
2026-03-16 04:32:07,523 [INFO] Анализ рынка...
2026-03-16 04:32:07,831 [INFO] 
Время: 2026-03-16 01:30:00
2026-03-16 04:32:07,831 [INFO] MACD_prev=2390.717184, Signal_prev=2093.675609
2026-03-16 04:32:07,831 [INFO] MACD_curr=2343.516513, Signal_curr=2143.643790
2026-03-16 04:32:08,044 [INFO] Текущая позиция: short
2026-03-16 04:32:08,044 [INFO] Нового сигнала нет.
2026-03-16 04:33:08,046 [INFO] Анализ рынка...
2026-03-16 04:33:08,560 [INFO] 
Время: 2026-03-16 01:30:00
2026-03-16 04:33:08,561 [INFO] MACD_prev=2390.717184, Signal_prev=2093.675609
2026-03-16 04:33:08,561 [INFO] MACD_curr=2342.102064, Signal_curr=2143.360900
2026-03-16 04:33:08,773 [INFO] Текущая позиция: short
2026-03-16 04:33:08,773 [INFO] Нового сигнала нет.
2026-03-16 04:34:08,774 [INFO] Анализ рынка...
2026-03-16 04:34:09,189 [INFO] 
Время: 2026-03-16 01:30:00
2026-03-16 04:34:09,189 [INFO] MACD_prev=2390.717184, Signal_prev=2093.675609
2026-03-16 04:34:09,189 [INFO] MACD_curr=2341.572439, Signal_curr=2143.254975
2026-03-16 04:34:09,402 [INFO] Текущая позиция: short
2026-03-16 04:34:09,402 [INFO] Нового сигнала нет.
2026-03-16 04:35:09,403 [INFO] Анализ рынка...
2026-03-16 04:35:09,727 [INFO] 
Время: 2026-03-16 01:30:00
2026-03-16 04:35:09,728 [INFO] MACD_prev=2390.717184, Signal_prev=2093.675609
2026-03-16 04:35:09,728 [INFO] MACD_curr=2341.195209, Signal_curr=2143.179529
2026-03-16 04:35:09,943 [INFO] Текущая позиция: short
2026-03-16 04:35:09,944 [INFO] Нового сигнала нет.
2026-03-16 04:36:09,945 [INFO] Анализ рынка...
2026-03-16 04:36:10,250 [INFO] 
Время: 2026-03-16 01:30:00
2026-03-16 04:36:10,251 [INFO] MACD_prev=2390.717184, Signal_prev=2093.675609
2026-03-16 04:36:10,251 [INFO] MACD_curr=2339.686802, Signal_curr=2142.877848
2026-03-16 04:36:10,463 [INFO] Текущая позиция: short
2026-03-16 04:36:10,463 [INFO] Нового сигнала нет.
2026-03-16 04:37:10,464 [INFO] Анализ рынка...
2026-03-16 04:37:10,776 [INFO] 
Время: 2026-03-16 01:30:00
2026-03-16 04:37:10,777 [INFO] MACD_prev=2390.717184, Signal_prev=2093.675609
2026-03-16 04:37:10,777 [INFO] MACD_curr=2339.105215, Signal_curr=2142.761530
2026-03-16 04:37:10,992 [INFO] Текущая позиция: short
2026-03-16 04:37:10,992 [INFO] Нового сигнала нет.
2026-03-16 04:38:10,993 [INFO] Анализ рынка...
2026-03-16 04:38:11,299 [INFO] 
Время: 2026-03-16 01:30:00
2026-03-16 04:38:11,300 [INFO] MACD_prev=2390.717184, Signal_prev=2093.675609
2026-03-16 04:38:11,300 [INFO] MACD_curr=2353.778987, Signal_curr=2145.696285
2026-03-16 04:38:11,515 [INFO] Текущая позиция: short
2026-03-16 04:38:11,516 [INFO] Нового сигнала нет.
2026-03-16 04:39:11,516 [INFO] Анализ рынка...
2026-03-16 04:39:11,820 [INFO] 
Время: 2026-03-16 01:30:00
2026-03-16 04:39:11,821 [INFO] MACD_prev=2390.717184, Signal_prev=2093.675609
2026-03-16 04:39:11,821 [INFO] MACD_curr=2338.076070, Signal_curr=2142.555701
2026-03-16 04:39:12,036 [INFO] Текущая позиция: short
2026-03-16 04:39:12,037 [INFO] Нового сигнала нет.
2026-03-16 04:40:12,038 [INFO] Анализ рынка...
2026-03-16 04:40:12,272 [INFO] 
Время: 2026-03-16 01:30:00
2026-03-16 04:40:12,273 [INFO] MACD_prev=2390.717184, Signal_prev=2093.675609
2026-03-16 04:40:12,273 [INFO] MACD_curr=2337.426741, Signal_curr=2142.425835
2026-03-16 04:40:12,487 [INFO] Текущая позиция: short
2026-03-16 04:40:12,488 [INFO] Нового сигнала нет.
2026-03-16 04:41:12,489 [INFO] Анализ рынка...
2026-03-16 04:41:12,855 [INFO] 
Время: 2026-03-16 01:30:00
2026-03-16 04:41:12,856 [INFO] MACD_prev=2390.717184, Signal_prev=2093.675609
2026-03-16 04:41:12,856 [INFO] MACD_curr=2336.934827, Signal_curr=2142.327453
2026-03-16 04:41:13,071 [INFO] Текущая позиция: short
2026-03-16 04:41:13,071 [INFO] Нового сигнала нет.
2026-03-16 04:42:13,072 [INFO] Анализ рынка...
2026-03-16 04:42:13,371 [INFO] 
Время: 2026-03-16 01:30:00
2026-03-16 04:42:13,371 [INFO] MACD_prev=2390.717184, Signal_prev=2093.675609
2026-03-16 04:42:13,371 [INFO] MACD_curr=2336.013990, Signal_curr=2142.143285
2026-03-16 04:42:13,583 [INFO] Текущая позиция: short
2026-03-16 04:42:13,584 [INFO] Нового сигнала нет.
2026-03-16 04:43:13,585 [INFO] Анализ рынка...
2026-03-16 04:43:13,907 [INFO] 
Время: 2026-03-16 01:30:00
2026-03-16 04:43:13,908 [INFO] MACD_prev=2390.717184, Signal_prev=2093.675609
2026-03-16 04:43:13,908 [INFO] MACD_curr=2335.183418, Signal_curr=2141.977171
2026-03-16 04:43:14,124 [INFO] Текущая позиция: short
2026-03-16 04:43:14,125 [INFO] Нового сигнала нет.
2026-03-16 04:44:14,126 [INFO] Анализ рынка...
2026-03-16 04:44:14,402 [INFO] 
Время: 2026-03-16 01:30:00
2026-03-16 04:44:14,402 [INFO] MACD_prev=2390.717184, Signal_prev=2093.675609
2026-03-16 04:44:14,403 [INFO] MACD_curr=2335.031147, Signal_curr=2141.946717
2026-03-16 04:44:14,617 [INFO] Текущая позиция: short
2026-03-16 04:44:14,618 [INFO] Нового сигнала нет.
2026-03-16 04:45:14,619 [INFO] Анализ рынка...
2026-03-16 04:45:14,941 [INFO] 
Время: 2026-03-16 01:45:00
2026-03-16 04:45:14,942 [INFO] MACD_prev=2334.958066, Signal_prev=2141.932135
2026-03-16 04:45:14,942 [INFO] MACD_curr=2261.178237, Signal_curr=2165.781356
2026-03-16 04:45:15,157 [INFO] Текущая позиция: short
2026-03-16 04:45:15,157 [INFO] Нового сигнала нет.
2026-03-16 04:46:15,158 [INFO] Анализ рынка...
2026-03-16 04:46:15,465 [INFO] 
Время: 2026-03-16 01:45:00
2026-03-16 04:46:15,465 [INFO] MACD_prev=2334.958066, Signal_prev=2141.932135
2026-03-16 04:46:15,466 [INFO] MACD_curr=2260.544883, Signal_curr=2165.654685
2026-03-16 04:46:15,682 [INFO] Текущая позиция: short
2026-03-16 04:46:15,683 [INFO] Нового сигнала нет.
2026-03-16 04:47:15,684 [INFO] Анализ рынка...
2026-03-16 04:47:15,985 [INFO] 
Время: 2026-03-16 01:45:00
2026-03-16 04:47:15,986 [INFO] MACD_prev=2334.958066, Signal_prev=2141.932135
2026-03-16 04:47:15,986 [INFO] MACD_curr=2261.944538, Signal_curr=2165.934616
2026-03-16 04:47:16,201 [INFO] Текущая позиция: short
2026-03-16 04:47:16,202 [INFO] Нового сигнала нет.
2026-03-16 04:48:16,203 [INFO] Анализ рынка...
2026-03-16 04:48:16,506 [INFO] 
Время: 2026-03-16 01:45:00
2026-03-16 04:48:16,506 [INFO] MACD_prev=2334.958066, Signal_prev=2141.932135
2026-03-16 04:48:16,507 [INFO] MACD_curr=2262.499640, Signal_curr=2166.045636
2026-03-16 04:48:16,724 [INFO] Текущая позиция: short
2026-03-16 04:48:16,724 [INFO] Нового сигнала нет.
2026-03-16 04:49:16,725 [INFO] Анализ рынка...
2026-03-16 04:49:17,028 [INFO] 
Время: 2026-03-16 01:45:00
2026-03-16 04:49:17,028 [INFO] MACD_prev=2334.958066, Signal_prev=2141.932135
2026-03-16 04:49:17,028 [INFO] MACD_curr=2262.686594, Signal_curr=2166.083027
2026-03-16 04:49:17,243 [INFO] Текущая позиция: short
2026-03-16 04:49:17,243 [INFO] Нового сигнала нет.
2026-03-16 04:50:17,245 [INFO] Анализ рынка...
2026-03-16 04:50:17,555 [INFO] 
Время: 2026-03-16 01:45:00
2026-03-16 04:50:17,555 [INFO] MACD_prev=2334.958066, Signal_prev=2141.932135
2026-03-16 04:50:17,555 [INFO] MACD_curr=2263.858606, Signal_curr=2166.317429
2026-03-16 04:50:17,770 [INFO] Текущая позиция: short
2026-03-16 04:50:17,771 [INFO] Нового сигнала нет.
2026-03-16 04:51:17,771 [INFO] Анализ рынка...
2026-03-16 04:51:18,075 [INFO] 
Время: 2026-03-16 01:45:00
2026-03-16 04:51:18,075 [INFO] MACD_prev=2334.958066, Signal_prev=2141.932135
2026-03-16 04:51:18,076 [INFO] MACD_curr=2264.997929, Signal_curr=2166.545294
2026-03-16 04:51:18,289 [INFO] Текущая позиция: short
2026-03-16 04:51:18,290 [INFO] Нового сигнала нет.
2026-03-16 04:52:18,291 [INFO] Анализ рынка...
2026-03-16 04:52:18,595 [INFO] 
Время: 2026-03-16 01:45:00
2026-03-16 04:52:18,596 [INFO] MACD_prev=2334.958066, Signal_prev=2141.932135
2026-03-16 04:52:18,596 [INFO] MACD_curr=2265.864440, Signal_curr=2166.718596
2026-03-16 04:52:18,813 [INFO] Текущая позиция: short
2026-03-16 04:52:18,814 [INFO] Нового сигнала нет.
2026-03-16 04:53:18,814 [INFO] Анализ рынка...
2026-03-16 04:53:19,101 [INFO] 
Время: 2026-03-16 01:45:00
2026-03-16 04:53:19,101 [INFO] MACD_prev=2334.958066, Signal_prev=2141.932135
2026-03-16 04:53:19,101 [INFO] MACD_curr=2266.784760, Signal_curr=2166.902660
2026-03-16 04:53:19,314 [INFO] Текущая позиция: short
2026-03-16 04:53:19,314 [INFO] Нового сигнала нет.
2026-03-16 04:54:19,315 [INFO] Анализ рынка...
2026-03-16 04:54:19,620 [INFO] 
Время: 2026-03-16 01:45:00
2026-03-16 04:54:19,620 [INFO] MACD_prev=2334.958066, Signal_prev=2141.932135
2026-03-16 04:54:19,620 [INFO] MACD_curr=2267.446077, Signal_curr=2167.034924
2026-03-16 04:54:19,832 [INFO] Текущая позиция: short
2026-03-16 04:54:19,833 [INFO] Нового сигнала нет.
2026-03-16 04:55:19,834 [INFO] Анализ рынка...
2026-03-16 04:55:20,244 [INFO] 
Время: 2026-03-16 01:45:00
2026-03-16 04:55:20,244 [INFO] MACD_prev=2334.958066, Signal_prev=2141.932135
2026-03-16 04:55:20,244 [INFO] MACD_curr=2268.954606, Signal_curr=2167.336629
2026-03-16 04:55:20,456 [INFO] Текущая позиция: short
2026-03-16 04:55:20,457 [INFO] Нового сигнала нет.
2026-03-16 04:56:20,458 [INFO] Анализ рынка...
2026-03-16 04:56:20,710 [INFO] 
Время: 2026-03-16 01:45:00
2026-03-16 04:56:20,710 [INFO] MACD_prev=2334.958066, Signal_prev=2141.932135
2026-03-16 04:56:20,710 [INFO] MACD_curr=2269.909732, Signal_curr=2167.527655
2026-03-16 04:56:20,923 [INFO] Текущая позиция: short
2026-03-16 04:56:20,924 [INFO] Нового сигнала нет.
2026-03-16 04:57:20,924 [INFO] Анализ рынка...
2026-03-16 04:57:21,387 [INFO] 
Время: 2026-03-16 01:45:00
2026-03-16 04:57:21,387 [INFO] MACD_prev=2334.958066, Signal_prev=2141.932135
2026-03-16 04:57:21,387 [INFO] MACD_curr=2271.134446, Signal_curr=2167.772597
2026-03-16 04:57:21,598 [INFO] Текущая позиция: short
2026-03-16 04:57:21,599 [INFO] Нового сигнала нет.
2026-03-16 04:58:21,600 [INFO] Анализ рынка...
2026-03-16 04:58:22,359 [INFO] 
Время: 2026-03-16 01:45:00
2026-03-16 04:58:22,359 [INFO] MACD_prev=2334.958066, Signal_prev=2141.932135
2026-03-16 04:58:22,359 [INFO] MACD_curr=2271.594385, Signal_curr=2167.864585
2026-03-16 04:58:22,570 [INFO] Текущая позиция: short
2026-03-16 04:58:22,571 [INFO] Нового сигнала нет.
2026-03-16 04:59:22,572 [INFO] Анализ рынка...
2026-03-16 04:59:25,748 [INFO] 
Время: 2026-03-16 01:45:00
2026-03-16 04:59:25,748 [INFO] MACD_prev=2334.958066, Signal_prev=2141.932135
2026-03-16 04:59:25,748 [INFO] MACD_curr=2272.228034, Signal_curr=2167.991315
2026-03-16 04:59:25,966 [INFO] Текущая позиция: short
2026-03-16 04:59:25,967 [INFO] Нового сигнала нет.
2026-03-16 05:00:25,968 [INFO] Анализ рынка...
2026-03-16 05:00:26,410 [INFO] 
Время: 2026-03-16 02:00:00
2026-03-16 05:00:26,410 [INFO] MACD_prev=2272.485562, Signal_prev=2168.042791
2026-03-16 05:00:26,410 [INFO] MACD_curr=2201.986069, Signal_curr=2174.831446
2026-03-16 05:00:26,622 [INFO] Текущая позиция: short
2026-03-16 05:00:26,623 [INFO] Нового сигнала нет.
2026-03-16 05:01:26,624 [INFO] Анализ рынка...
2026-03-16 05:01:26,936 [INFO] 
Время: 2026-03-16 02:00:00
2026-03-16 05:01:26,936 [INFO] MACD_prev=2272.485562, Signal_prev=2168.042791
2026-03-16 05:01:26,937 [INFO] MACD_curr=2203.094278, Signal_curr=2175.053088
2026-03-16 05:01:27,154 [INFO] Текущая позиция: short
2026-03-16 05:01:27,155 [INFO] Нового сигнала нет.
2026-03-16 05:02:27,156 [INFO] Анализ рынка...
2026-03-16 05:02:30,299 [INFO] 
Время: 2026-03-16 02:00:00
2026-03-16 05:02:30,299 [INFO] MACD_prev=2272.485562, Signal_prev=2168.042791
2026-03-16 05:02:30,299 [INFO] MACD_curr=2201.042660, Signal_curr=2174.642765
2026-03-16 05:02:30,511 [INFO] Текущая позиция: short
2026-03-16 05:02:30,512 [INFO] Нового сигнала нет.
2026-03-16 05:03:30,513 [INFO] Анализ рынка...
2026-03-16 05:03:31,013 [INFO] 
Время: 2026-03-16 02:00:00
2026-03-16 05:03:31,013 [INFO] MACD_prev=2272.485562, Signal_prev=2168.042791
2026-03-16 05:03:31,013 [INFO] MACD_curr=2200.860604, Signal_curr=2174.606354
2026-03-16 05:03:31,226 [INFO] Текущая позиция: short
2026-03-16 05:03:31,227 [INFO] Нового сигнала нет.
2026-03-16 05:04:31,228 [INFO] Анализ рынка...
2026-03-16 05:04:31,543 [INFO] 
Время: 2026-03-16 02:00:00
2026-03-16 05:04:31,544 [INFO] MACD_prev=2272.485562, Signal_prev=2168.042791
2026-03-16 05:04:31,544 [INFO] MACD_curr=2204.424469, Signal_curr=2175.319126
2026-03-16 05:04:31,761 [INFO] Текущая позиция: short
2026-03-16 05:04:31,761 [INFO] Нового сигнала нет.
2026-03-16 05:05:31,763 [INFO] Анализ рынка...
2026-03-16 05:05:32,056 [INFO] 
Время: 2026-03-16 02:00:00
2026-03-16 05:05:32,056 [INFO] MACD_prev=2272.485562, Signal_prev=2168.042791
2026-03-16 05:05:32,057 [INFO] MACD_curr=2205.668334, Signal_curr=2175.567899
2026-03-16 05:05:32,274 [INFO] Текущая позиция: short
2026-03-16 05:05:32,274 [INFO] Нового сигнала нет.
2026-03-16 05:06:32,275 [INFO] Анализ рынка...
2026-03-16 05:06:32,571 [INFO] 
Время: 2026-03-16 02:00:00
2026-03-16 05:06:32,572 [INFO] MACD_prev=2272.485562, Signal_prev=2168.042791
2026-03-16 05:06:32,572 [INFO] MACD_curr=2198.137035, Signal_curr=2174.061640
2026-03-16 05:06:32,786 [INFO] Текущая позиция: short
2026-03-16 05:06:32,786 [INFO] Нового сигнала нет.
2026-03-16 05:07:32,787 [INFO] Анализ рынка...
2026-03-16 05:07:33,086 [INFO] 
Время: 2026-03-16 02:00:00
2026-03-16 05:07:33,086 [INFO] MACD_prev=2272.485562, Signal_prev=2168.042791
2026-03-16 05:07:33,087 [INFO] MACD_curr=2207.777552, Signal_curr=2175.989743
2026-03-16 05:07:33,302 [INFO] Текущая позиция: short
2026-03-16 05:07:33,303 [INFO] Нового сигнала нет.
2026-03-16 05:08:33,304 [INFO] Анализ рынка...
2026-03-16 05:08:33,601 [INFO] 
Время: 2026-03-16 02:00:00
2026-03-16 05:08:33,602 [INFO] MACD_prev=2272.485562, Signal_prev=2168.042791
2026-03-16 05:08:33,602 [INFO] MACD_curr=2208.138315, Signal_curr=2176.061896
2026-03-16 05:08:33,817 [INFO] Текущая позиция: short
2026-03-16 05:08:33,817 [INFO] Нового сигнала нет.
2026-03-16 05:09:33,818 [INFO] Анализ рынка...
2026-03-16 05:09:34,115 [INFO] 
Время: 2026-03-16 02:00:00
2026-03-16 05:09:34,115 [INFO] MACD_prev=2272.485562, Signal_prev=2168.042791
2026-03-16 05:09:34,116 [INFO] MACD_curr=2208.455903, Signal_curr=2176.125413
2026-03-16 05:09:34,328 [INFO] Текущая позиция: short
2026-03-16 05:09:34,329 [INFO] Нового сигнала нет.
2026-03-16 05:10:34,330 [INFO] Анализ рынка...
2026-03-16 05:10:34,633 [INFO] 
Время: 2026-03-16 02:00:00
2026-03-16 05:10:34,633 [INFO] MACD_prev=2272.485562, Signal_prev=2168.042791
2026-03-16 05:10:34,634 [INFO] MACD_curr=2208.749171, Signal_curr=2176.184067
2026-03-16 05:10:34,847 [INFO] Текущая позиция: short
2026-03-16 05:10:34,847 [INFO] Нового сигнала нет.
2026-03-16 05:11:34,848 [INFO] Анализ рынка...
2026-03-16 05:11:35,147 [INFO] 
Время: 2026-03-16 02:00:00
2026-03-16 05:11:35,147 [INFO] MACD_prev=2272.485562, Signal_prev=2168.042791
2026-03-16 05:11:35,148 [INFO] MACD_curr=2208.925761, Signal_curr=2176.219385
2026-03-16 05:11:35,361 [INFO] Текущая позиция: short
2026-03-16 05:11:35,361 [INFO] Нового сигнала нет.
2026-03-16 05:12:35,362 [INFO] Анализ рынка...
2026-03-16 05:12:35,659 [INFO] 
Время: 2026-03-16 02:00:00
2026-03-16 05:12:35,659 [INFO] MACD_prev=2272.485562, Signal_prev=2168.042791
2026-03-16 05:12:35,659 [INFO] MACD_curr=2195.510008, Signal_curr=2173.536234
2026-03-16 05:12:35,875 [INFO] Текущая позиция: short
2026-03-16 05:12:35,875 [INFO] Нового сигнала нет.
2026-03-16 05:13:35,876 [INFO] Анализ рынка...
2026-03-16 05:13:36,176 [INFO] 
Время: 2026-03-16 02:00:00
2026-03-16 05:13:36,177 [INFO] MACD_prev=2272.485562, Signal_prev=2168.042791
2026-03-16 05:13:36,177 [INFO] MACD_curr=2195.016395, Signal_curr=2173.437512
2026-03-16 05:13:36,389 [INFO] Текущая позиция: short
2026-03-16 05:13:36,390 [INFO] Нового сигнала нет.
2026-03-16 05:14:36,391 [INFO] Анализ рынка...
2026-03-16 05:14:36,632 [INFO] 
Время: 2026-03-16 02:00:00
2026-03-16 05:14:36,633 [INFO] MACD_prev=2272.485562, Signal_prev=2168.042791
2026-03-16 05:14:36,633 [INFO] MACD_curr=2194.363349, Signal_curr=2173.306902
2026-03-16 05:14:36,846 [INFO] Текущая позиция: short
2026-03-16 05:14:36,846 [INFO] Нового сигнала нет.
2026-03-16 05:15:36,847 [INFO] Анализ рынка...
2026-03-16 05:15:37,206 [INFO] 
Время: 2026-03-16 02:15:00
2026-03-16 05:15:37,206 [INFO] MACD_prev=2194.201354, Signal_prev=2173.274567
2026-03-16 05:15:37,206 [INFO] MACD_curr=2104.514665, Signal_curr=2159.522586
2026-03-16 05:15:37,419 [INFO] Текущая позиция: short
2026-03-16 05:15:37,420 [INFO] Сигнал на ШОРТ.
2026-03-16 05:15:37,420 [INFO] Шорт уже открыт, не открываю повторно.
2026-03-16 05:16:37,421 [INFO] Анализ рынка...
2026-03-16 05:16:37,724 [INFO] 
Время: 2026-03-16 02:15:00
2026-03-16 05:16:37,724 [INFO] MACD_prev=2194.201354, Signal_prev=2173.274567
2026-03-16 05:16:37,724 [INFO] MACD_curr=2101.901840, Signal_curr=2159.000021
2026-03-16 05:16:37,936 [INFO] Текущая позиция: short
2026-03-16 05:16:37,936 [INFO] Сигнал на ШОРТ.
2026-03-16 05:16:37,937 [INFO] Шорт уже открыт, не открываю повторно.
2026-03-16 05:17:37,938 [INFO] Анализ рынка...
2026-03-16 05:17:38,244 [INFO] 
Время: 2026-03-16 02:15:00
2026-03-16 05:17:38,245 [INFO] MACD_prev=2194.201354, Signal_prev=2173.274567
2026-03-16 05:17:38,245 [INFO] MACD_curr=2101.558209, Signal_curr=2158.931295
2026-03-16 05:17:38,458 [INFO] Текущая позиция: short
2026-03-16 05:17:38,458 [INFO] Сигнал на ШОРТ.
2026-03-16 05:17:38,459 [INFO] Шорт уже открыт, не открываю повторно.
2026-03-16 05:18:38,460 [INFO] Анализ рынка...
2026-03-16 05:18:38,763 [INFO] 
Время: 2026-03-16 02:15:00
2026-03-16 05:18:38,763 [INFO] MACD_prev=2194.201354, Signal_prev=2173.274567
2026-03-16 05:18:38,763 [INFO] MACD_curr=2100.825557, Signal_curr=2158.784765
2026-03-16 05:18:38,976 [INFO] Текущая позиция: short
2026-03-16 05:18:38,977 [INFO] Сигнал на ШОРТ.
2026-03-16 05:18:38,977 [INFO] Шорт уже открыт, не открываю повторно.
2026-03-16 05:19:38,978 [INFO] Анализ рынка...
2026-03-16 05:19:39,275 [INFO] 
Время: 2026-03-16 02:15:00
2026-03-16 05:19:39,275 [INFO] MACD_prev=2194.201354, Signal_prev=2173.274567
2026-03-16 05:19:39,275 [INFO] MACD_curr=2100.300708, Signal_curr=2158.679795
2026-03-16 05:19:39,486 [INFO] Текущая позиция: short
2026-03-16 05:19:39,486 [INFO] Сигнал на ШОРТ.
2026-03-16 05:19:39,486 [INFO] Шорт уже открыт, не открываю повторно.
2026-03-16 05:20:39,486 [INFO] Анализ рынка...
2026-03-16 05:20:39,794 [INFO] 
Время: 2026-03-16 02:15:00
2026-03-16 05:20:39,795 [INFO] MACD_prev=2194.201354, Signal_prev=2173.274567
2026-03-16 05:20:39,795 [INFO] MACD_curr=2097.242148, Signal_curr=2158.068083
2026-03-16 05:20:40,007 [INFO] Текущая позиция: short
2026-03-16 05:20:40,008 [INFO] Сигнал на ШОРТ.
2026-03-16 05:20:40,008 [INFO] Шорт уже открыт, не открываю повторно.
2026-03-16 05:21:40,009 [INFO] Анализ рынка...
2026-03-16 05:21:40,311 [INFO] 
Время: 2026-03-16 02:15:00
2026-03-16 05:21:40,312 [INFO] MACD_prev=2194.201354, Signal_prev=2173.274567
2026-03-16 05:21:40,312 [INFO] MACD_curr=2096.886628, Signal_curr=2157.996979
2026-03-16 05:21:40,526 [INFO] Текущая позиция: short
2026-03-16 05:21:40,526 [INFO] Сигнал на ШОРТ.
2026-03-16 05:21:40,527 [INFO] Шорт уже открыт, не открываю повторно.
2026-03-16 05:22:40,528 [INFO] Анализ рынка...
2026-03-16 05:22:40,833 [INFO] 
Время: 2026-03-16 02:15:00
2026-03-16 05:22:40,834 [INFO] MACD_prev=2194.201354, Signal_prev=2173.274567
2026-03-16 05:22:40,834 [INFO] MACD_curr=2096.271145, Signal_curr=2157.873882
2026-03-16 05:22:41,050 [INFO] Текущая позиция: short
2026-03-16 05:22:41,050 [INFO] Сигнал на ШОРТ.
2026-03-16 05:22:41,051 [INFO] Шорт уже открыт, не открываю повторно.
2026-03-16 05:23:41,052 [INFO] Анализ рынка...
2026-03-16 05:23:41,292 [INFO] 
Время: 2026-03-16 02:15:00
2026-03-16 05:23:41,293 [INFO] MACD_prev=2194.201354, Signal_prev=2173.274567
2026-03-16 05:23:41,293 [INFO] MACD_curr=2095.899526, Signal_curr=2157.799559
2026-03-16 05:23:41,504 [INFO] Текущая позиция: short
2026-03-16 05:23:41,505 [INFO] Сигнал на ШОРТ.
2026-03-16 05:23:41,505 [INFO] Шорт уже открыт, не открываю повторно.
2026-03-16 05:24:41,506 [INFO] Анализ рынка...
2026-03-16 05:24:41,860 [INFO] 
Время: 2026-03-16 02:15:00
2026-03-16 05:24:41,860 [INFO] MACD_prev=2194.201354, Signal_prev=2173.274567
2026-03-16 05:24:41,860 [INFO] MACD_curr=2095.606258, Signal_curr=2157.740905
2026-03-16 05:24:42,073 [INFO] Текущая позиция: short
2026-03-16 05:24:42,073 [INFO] Сигнал на ШОРТ.
2026-03-16 05:24:42,074 [INFO] Шорт уже открыт, не открываю повторно.
2026-03-16 05:25:42,075 [INFO] Анализ рынка...
2026-03-16 05:25:42,382 [INFO] 
Время: 2026-03-16 02:15:00
2026-03-16 05:25:42,382 [INFO] MACD_prev=2194.201354, Signal_prev=2173.274567
2026-03-16 05:25:42,382 [INFO] MACD_curr=2095.190234, Signal_curr=2157.657700
2026-03-16 05:25:42,596 [INFO] Текущая позиция: short
2026-03-16 05:25:42,596 [INFO] Сигнал на ШОРТ.
2026-03-16 05:25:42,597 [INFO] Шорт уже открыт, не открываю повторно.
2026-03-16 05:26:42,597 [INFO] Анализ рынка...
2026-03-16 05:26:42,898 [INFO] 
Время: 2026-03-16 02:15:00
2026-03-16 05:26:42,899 [INFO] MACD_prev=2194.201354, Signal_prev=2173.274567
2026-03-16 05:26:42,899 [INFO] MACD_curr=2093.909298, Signal_curr=2157.401513
2026-03-16 05:26:43,119 [INFO] Текущая позиция: short
2026-03-16 05:26:43,119 [INFO] Сигнал на ШОРТ.
2026-03-16 05:26:43,120 [INFO] Шорт уже открыт, не открываю повторно.
2026-03-16 05:27:43,120 [INFO] Анализ рынка...
2026-03-16 05:27:43,422 [INFO] 
Время: 2026-03-16 02:15:00
2026-03-16 05:27:43,422 [INFO] MACD_prev=2194.201354, Signal_prev=2173.274567
2026-03-16 05:27:43,422 [INFO] MACD_curr=2092.741372, Signal_curr=2157.167928
2026-03-16 05:27:43,635 [INFO] Текущая позиция: short
2026-03-16 05:27:43,635 [INFO] Сигнал на ШОРТ.
2026-03-16 05:27:43,636 [INFO] Шорт уже открыт, не открываю повторно.
2026-03-16 05:28:43,637 [INFO] Анализ рынка...
2026-03-16 05:28:45,841 [INFO] 
Время: 2026-03-16 02:15:00
2026-03-16 05:28:45,841 [INFO] MACD_prev=2194.201354, Signal_prev=2173.274567
2026-03-16 05:28:45,842 [INFO] MACD_curr=2091.706468, Signal_curr=2156.960947
2026-03-16 05:28:46,052 [INFO] Текущая позиция: short
2026-03-16 05:28:46,053 [INFO] Сигнал на ШОРТ.
2026-03-16 05:28:46,053 [INFO] Шорт уже открыт, не открываю повторно.
2026-03-16 05:29:46,054 [INFO] Анализ рынка...
2026-03-16 05:29:46,427 [INFO] 
Время: 2026-03-16 02:15:00
2026-03-16 05:29:46,428 [INFO] MACD_prev=2194.201354, Signal_prev=2173.274567
2026-03-16 05:29:46,428 [INFO] MACD_curr=2091.358874, Signal_curr=2156.891428
2026-03-16 05:29:46,641 [INFO] Текущая позиция: short
2026-03-16 05:29:46,642 [INFO] Сигнал на ШОРТ.
2026-03-16 05:29:46,642 [INFO] Шорт уже открыт, не открываю повторно.
2026-03-16 05:30:46,643 [INFO] Анализ рынка...
2026-03-16 05:30:47,109 [INFO] 
Время: 2026-03-16 02:30:00
2026-03-16 05:30:47,109 [INFO] MACD_prev=2091.203094, Signal_prev=2156.860221
2026-03-16 05:30:47,109 [INFO] MACD_curr=1974.917291, Signal_curr=2120.471635
2026-03-16 05:30:47,321 [INFO] Текущая позиция: short
2026-03-16 05:30:47,321 [INFO] Нового сигнала нет.
2026-03-16 05:31:47,322 [INFO] Анализ рынка...
2026-03-16 05:31:47,628 [INFO] 
Время: 2026-03-16 02:30:00
2026-03-16 05:31:47,628 [INFO] MACD_prev=2091.203094, Signal_prev=2156.860221
2026-03-16 05:31:47,628 [INFO] MACD_curr=1974.761451, Signal_curr=2120.440467
2026-03-16 05:31:47,838 [INFO] Текущая позиция: short
2026-03-16 05:31:47,839 [INFO] Нового сигнала нет.
2026-03-16 05:32:47,840 [INFO] Анализ рынка...
2026-03-16 05:32:48,155 [INFO] 
Время: 2026-03-16 02:30:00
2026-03-16 05:32:48,155 [INFO] MACD_prev=2091.203094, Signal_prev=2156.860221
2026-03-16 05:32:48,155 [INFO] MACD_curr=1974.393820, Signal_curr=2120.366941
2026-03-16 05:32:48,368 [INFO] Текущая позиция: short
2026-03-16 05:32:48,368 [INFO] Нового сигнала нет.
2026-03-16 05:33:48,369 [INFO] Анализ рынка...
2026-03-16 05:33:48,606 [INFO] 
Время: 2026-03-16 02:30:00
2026-03-16 05:33:48,606 [INFO] MACD_prev=2091.203094, Signal_prev=2156.860221
2026-03-16 05:33:48,607 [INFO] MACD_curr=1974.077956, Signal_curr=2120.303768
2026-03-16 05:33:48,836 [INFO] Текущая позиция: short
2026-03-16 05:33:48,836 [INFO] Нового сигнала нет.
2026-03-16 05:34:48,837 [INFO] Анализ рынка...
2026-03-16 05:34:49,198 [INFO] 
Время: 2026-03-16 02:30:00
2026-03-16 05:34:49,198 [INFO] MACD_prev=2091.203094, Signal_prev=2156.860221
2026-03-16 05:34:49,199 [INFO] MACD_curr=1973.615285, Signal_curr=2120.211234
2026-03-16 05:34:49,413 [INFO] Текущая позиция: short
2026-03-16 05:34:49,413 [INFO] Нового сигнала нет.
2026-03-16 05:35:49,414 [INFO] Анализ рынка...
2026-03-16 05:35:49,716 [INFO] 
Время: 2026-03-16 02:30:00
2026-03-16 05:35:49,716 [INFO] MACD_prev=2091.203094, Signal_prev=2156.860221
2026-03-16 05:35:49,717 [INFO] MACD_curr=1973.118596, Signal_curr=2120.111896
2026-03-16 05:35:49,931 [INFO] Текущая позиция: short
2026-03-16 05:35:49,931 [INFO] Нового сигнала нет.
2026-03-16 05:36:49,932 [INFO] Анализ рынка...
2026-03-16 05:36:50,235 [INFO] 
Время: 2026-03-16 02:30:00
2026-03-16 05:36:50,235 [INFO] MACD_prev=2091.203094, Signal_prev=2156.860221
2026-03-16 05:36:50,236 [INFO] MACD_curr=1972.789193, Signal_curr=2120.046015
2026-03-16 05:36:50,464 [INFO] Текущая позиция: short
2026-03-16 05:36:50,464 [INFO] Нового сигнала нет.
2026-03-16 05:37:50,465 [INFO] Анализ рынка...
2026-03-16 05:37:50,942 [INFO] 
Время: 2026-03-16 02:30:00
2026-03-16 05:37:50,942 [INFO] MACD_prev=2091.203094, Signal_prev=2156.860221
2026-03-16 05:37:50,943 [INFO] MACD_curr=1978.145279, Signal_curr=2121.117233
2026-03-16 05:37:51,156 [INFO] Текущая позиция: short
2026-03-16 05:37:51,156 [INFO] Нового сигнала нет.
2026-03-16 05:38:51,157 [INFO] Анализ рынка...
2026-03-16 05:38:51,578 [INFO] 
Время: 2026-03-16 02:30:00
2026-03-16 05:38:51,578 [INFO] MACD_prev=2091.203094, Signal_prev=2156.860221
2026-03-16 05:38:51,579 [INFO] MACD_curr=1978.536122, Signal_curr=2121.195401
2026-03-16 05:38:51,794 [INFO] Текущая позиция: short
2026-03-16 05:38:51,795 [INFO] Нового сигнала нет.
2026-03-16 05:39:51,795 [INFO] Анализ рынка...
2026-03-16 05:39:52,096 [INFO] 
Время: 2026-03-16 02:30:00
2026-03-16 05:39:52,097 [INFO] MACD_prev=2091.203094, Signal_prev=2156.860221
2026-03-16 05:39:52,097 [INFO] MACD_curr=1971.487383, Signal_curr=2119.785653
2026-03-16 05:39:52,327 [INFO] Текущая позиция: short
2026-03-16 05:39:52,327 [INFO] Нового сигнала нет.
2026-03-16 05:40:52,328 [INFO] Анализ рынка...
2026-03-16 05:40:52,615 [INFO] 
Время: 2026-03-16 02:30:00
2026-03-16 05:40:52,616 [INFO] MACD_prev=2091.203094, Signal_prev=2156.860221
2026-03-16 05:40:52,616 [INFO] MACD_curr=1971.131740, Signal_curr=2119.714525
2026-03-16 05:40:52,831 [INFO] Текущая позиция: short
2026-03-16 05:40:52,832 [INFO] Нового сигнала нет.
2026-03-16 05:41:52,833 [INFO] Анализ рынка...
2026-03-16 05:41:53,133 [INFO] 
Время: 2026-03-16 02:30:00
2026-03-16 05:41:53,134 [INFO] MACD_prev=2091.203094, Signal_prev=2156.860221
2026-03-16 05:41:53,134 [INFO] MACD_curr=1970.849673, Signal_curr=2119.658111
2026-03-16 05:41:53,351 [INFO] Текущая позиция: short
2026-03-16 05:41:53,351 [INFO] Нового сигнала нет.
2026-03-16 05:42:53,352 [INFO] Анализ рынка...
2026-03-16 05:42:53,602 [INFO] 
Время: 2026-03-16 02:30:00
2026-03-16 05:42:53,603 [INFO] MACD_prev=2091.203094, Signal_prev=2156.860221
2026-03-16 05:42:53,603 [INFO] MACD_curr=1970.585599, Signal_curr=2119.605297
2026-03-16 05:42:53,818 [INFO] Текущая позиция: short
2026-03-16 05:42:53,819 [INFO] Нового сигнала нет.
2026-03-16 05:43:53,820 [INFO] Анализ рынка...
2026-03-16 05:43:54,221 [INFO] 
Время: 2026-03-16 02:30:00
2026-03-16 05:43:54,221 [INFO] MACD_prev=2091.203094, Signal_prev=2156.860221
2026-03-16 05:43:54,221 [INFO] MACD_curr=1970.527654, Signal_curr=2119.593708
2026-03-16 05:43:54,432 [INFO] Текущая позиция: short
2026-03-16 05:43:54,432 [INFO] Нового сигнала нет.
2026-03-16 05:44:54,433 [INFO] Анализ рынка...
2026-03-16 05:44:54,686 [INFO] 
Время: 2026-03-16 02:30:00
2026-03-16 05:44:54,687 [INFO] MACD_prev=2091.203094, Signal_prev=2156.860221
2026-03-16 05:44:54,687 [INFO] MACD_curr=1970.356503, Signal_curr=2119.559477
2026-03-16 05:44:54,899 [INFO] Текущая позиция: short
2026-03-16 05:44:54,899 [INFO] Нового сигнала нет.
2026-03-16 05:45:54,900 [INFO] Анализ рынка...
2026-03-16 05:45:55,134 [INFO] 
Время: 2026-03-16 02:45:00
2026-03-16 05:45:55,135 [INFO] MACD_prev=1970.295955, Signal_prev=2119.547343
2026-03-16 05:45:55,135 [INFO] MACD_curr=1841.675600, Signal_curr=2063.972994
2026-03-16 05:45:55,354 [INFO] Текущая позиция: short
2026-03-16 05:45:55,355 [INFO] Нового сигнала нет.
2026-03-16 05:46:55,356 [INFO] Анализ рынка...
2026-03-16 05:46:55,610 [INFO] 
Время: 2026-03-16 02:45:00
2026-03-16 05:46:55,611 [INFO] MACD_prev=1970.295955, Signal_prev=2119.547343
2026-03-16 05:46:55,611 [INFO] MACD_curr=1842.888350, Signal_curr=2064.215544
2026-03-16 05:46:55,827 [INFO] Текущая позиция: short
2026-03-16 05:46:55,828 [INFO] Нового сигнала нет.
2026-03-16 05:47:55,828 [INFO] Анализ рынка...
2026-03-16 05:47:56,142 [INFO] 
Время: 2026-03-16 02:45:00
2026-03-16 05:47:56,142 [INFO] MACD_prev=1970.295955, Signal_prev=2119.547343
2026-03-16 05:47:56,143 [INFO] MACD_curr=1843.167587, Signal_curr=2064.271391
2026-03-16 05:47:56,375 [INFO] Текущая позиция: short
2026-03-16 05:47:56,375 [INFO] Нового сигнала нет.
2026-03-16 05:48:56,376 [INFO] Анализ рынка...
2026-03-16 05:48:56,597 [INFO] 
Время: 2026-03-16 02:45:00
2026-03-16 05:48:56,597 [INFO] MACD_prev=1970.295955, Signal_prev=2119.547343
2026-03-16 05:48:56,598 [INFO] MACD_curr=1840.384941, Signal_curr=2063.714862
2026-03-16 05:48:56,812 [INFO] Текущая позиция: short
2026-03-16 05:48:56,813 [INFO] Нового сигнала нет.
2026-03-16 05:49:56,814 [INFO] Анализ рынка...
2026-03-16 05:49:57,267 [INFO] 
Время: 2026-03-16 02:45:00
2026-03-16 05:49:57,267 [INFO] MACD_prev=1970.295955, Signal_prev=2119.547343
2026-03-16 05:49:57,267 [INFO] MACD_curr=1840.064572, Signal_curr=2063.650788
2026-03-16 05:49:57,477 [INFO] Текущая позиция: short
2026-03-16 05:49:57,478 [INFO] Нового сигнала нет.
2026-03-16 05:50:57,479 [INFO] Анализ рынка...
2026-03-16 05:50:57,989 [INFO] 
Время: 2026-03-16 02:45:00
2026-03-16 05:50:57,989 [INFO] MACD_prev=1970.295955, Signal_prev=2119.547343
2026-03-16 05:50:57,989 [INFO] MACD_curr=1844.419156, Signal_curr=2064.521705
2026-03-16 05:50:58,200 [INFO] Текущая позиция: short
2026-03-16 05:50:58,200 [INFO] Нового сигнала нет.
2026-03-16 05:51:58,201 [INFO] Анализ рынка...
2026-03-16 05:51:58,918 [INFO] 
Время: 2026-03-16 02:45:00
2026-03-16 05:51:58,918 [INFO] MACD_prev=1970.295955, Signal_prev=2119.547343
2026-03-16 05:51:58,918 [INFO] MACD_curr=1845.093569, Signal_curr=2064.656588
2026-03-16 05:51:59,127 [INFO] Текущая позиция: short
2026-03-16 05:51:59,128 [INFO] Нового сигнала нет.
2026-03-16 05:52:59,129 [INFO] Анализ рынка...
2026-03-16 05:52:59,916 [INFO] 
Время: 2026-03-16 02:45:00
2026-03-16 05:52:59,916 [INFO] MACD_prev=1970.295955, Signal_prev=2119.547343
2026-03-16 05:52:59,916 [INFO] MACD_curr=1848.246627, Signal_curr=2065.287199
2026-03-16 05:53:00,128 [INFO] Текущая позиция: short
2026-03-16 05:53:00,129 [INFO] Нового сигнала нет.
2026-03-16 05:54:00,130 [INFO] Анализ рынка...
2026-03-16 05:54:01,407 [INFO] 
Время: 2026-03-16 02:45:00
2026-03-16 05:54:01,407 [INFO] MACD_prev=1970.295955, Signal_prev=2119.547343
2026-03-16 05:54:01,407 [INFO] MACD_curr=1848.354541, Signal_curr=2065.308782
2026-03-16 05:54:01,617 [INFO] Текущая позиция: short
2026-03-16 05:54:01,618 [INFO] Нового сигнала нет.
2026-03-16 05:55:01,619 [INFO] Анализ рынка...
2026-03-16 05:55:01,951 [INFO] 
Время: 2026-03-16 02:45:00
2026-03-16 05:55:01,951 [INFO] MACD_prev=1970.295955, Signal_prev=2119.547343
2026-03-16 05:55:01,952 [INFO] MACD_curr=1848.790603, Signal_curr=2065.395995
2026-03-16 05:55:02,167 [INFO] Текущая позиция: short
2026-03-16 05:55:02,168 [INFO] Нового сигнала нет.
2026-03-16 05:56:02,169 [INFO] Анализ рынка...
2026-03-16 05:56:02,523 [INFO] 
Время: 2026-03-16 02:45:00
2026-03-16 05:56:02,523 [INFO] MACD_prev=1970.295955, Signal_prev=2119.547343
2026-03-16 05:56:02,524 [INFO] MACD_curr=1849.370615, Signal_curr=2065.511997
2026-03-16 05:56:02,735 [INFO] Текущая позиция: short
2026-03-16 05:56:02,736 [INFO] Нового сигнала нет.
2026-03-16 05:57:02,736 [INFO] Анализ рынка...
2026-03-16 05:57:03,061 [INFO] 
Время: 2026-03-16 02:45:00
2026-03-16 05:57:03,062 [INFO] MACD_prev=1970.295955, Signal_prev=2119.547343
2026-03-16 05:57:03,062 [INFO] MACD_curr=1849.695489, Signal_curr=2065.576972
2026-03-16 05:57:03,290 [INFO] Текущая позиция: short
2026-03-16 05:57:03,290 [INFO] Нового сигнала нет.
2026-03-16 05:58:03,291 [INFO] Анализ рынка...
2026-03-16 05:58:03,575 [INFO] 
Время: 2026-03-16 02:45:00
2026-03-16 05:58:03,576 [INFO] MACD_prev=1970.295955, Signal_prev=2119.547343
2026-03-16 05:58:03,576 [INFO] MACD_curr=1850.100363, Signal_curr=2065.657947
2026-03-16 05:58:03,790 [INFO] Текущая позиция: short
2026-03-16 05:58:03,791 [INFO] Нового сигнала нет.
2026-03-16 05:59:03,791 [INFO] Анализ рынка...
2026-03-16 05:59:04,095 [INFO] 
Время: 2026-03-16 02:45:00
2026-03-16 05:59:04,096 [INFO] MACD_prev=1970.295955, Signal_prev=2119.547343
2026-03-16 05:59:04,096 [INFO] MACD_curr=1850.234960, Signal_curr=2065.684866
2026-03-16 05:59:04,312 [INFO] Текущая позиция: short
2026-03-16 05:59:04,312 [INFO] Нового сигнала нет.
2026-03-16 06:00:04,313 [INFO] Анализ рынка...
2026-03-16 06:00:04,615 [INFO] 
Время: 2026-03-16 03:00:00
2026-03-16 06:00:04,615 [INFO] MACD_prev=1850.485552, Signal_prev=2065.734962
2026-03-16 06:00:04,616 [INFO] MACD_curr=1733.287806, Signal_curr=1999.245531
2026-03-16 06:00:04,830 [INFO] Текущая позиция: short
2026-03-16 06:00:04,830 [INFO] Нового сигнала нет.
2026-03-16 06:01:04,831 [INFO] Анализ рынка...
2026-03-16 06:01:05,130 [INFO] 
Время: 2026-03-16 03:00:00
2026-03-16 06:01:05,130 [INFO] MACD_prev=1850.485552, Signal_prev=2065.734962
2026-03-16 06:01:05,131 [INFO] MACD_curr=1732.734304, Signal_curr=1999.134831
2026-03-16 06:01:05,344 [INFO] Текущая позиция: short
2026-03-16 06:01:05,345 [INFO] Нового сигнала нет.
2026-03-16 06:02:05,346 [INFO] Анализ рынка...
2026-03-16 06:02:05,650 [INFO] 
Время: 2026-03-16 03:00:00
2026-03-16 06:02:05,651 [INFO] MACD_prev=1850.485552, Signal_prev=2065.734962
2026-03-16 06:02:05,651 [INFO] MACD_curr=1732.479634, Signal_curr=1999.083897
2026-03-16 06:02:05,865 [INFO] Текущая позиция: short
2026-03-16 06:02:05,866 [INFO] Нового сигнала нет.
2026-03-16 06:03:05,867 [INFO] Анализ рынка...
2026-03-16 06:03:06,167 [INFO] 
Время: 2026-03-16 03:00:00
2026-03-16 06:03:06,168 [INFO] MACD_prev=1850.485552, Signal_prev=2065.734962
2026-03-16 06:03:06,168 [INFO] MACD_curr=1732.225750, Signal_curr=1999.033120
2026-03-16 06:03:06,384 [INFO] Текущая позиция: short
2026-03-16 06:03:06,384 [INFO] Нового сигнала нет.
2026-03-16 06:04:06,385 [INFO] Анализ рынка...
2026-03-16 06:04:06,620 [INFO] 
Время: 2026-03-16 03:00:00
2026-03-16 06:04:06,621 [INFO] MACD_prev=1850.485552, Signal_prev=2065.734962
2026-03-16 06:04:06,621 [INFO] MACD_curr=1734.918624, Signal_curr=1999.571695
2026-03-16 06:04:06,837 [INFO] Текущая позиция: short
2026-03-16 06:04:06,838 [INFO] Нового сигнала нет.
2026-03-16 06:05:06,839 [INFO] Анализ рынка...
2026-03-16 06:05:07,237 [INFO] 
Время: 2026-03-16 03:00:00
2026-03-16 06:05:07,238 [INFO] MACD_prev=1850.485552, Signal_prev=2065.734962
2026-03-16 06:05:07,238 [INFO] MACD_curr=1735.156163, Signal_curr=1999.619203
2026-03-16 06:05:07,449 [INFO] Текущая позиция: short
2026-03-16 06:05:07,449 [INFO] Нового сигнала нет.
2026-03-16 06:06:07,450 [INFO] Анализ рынка...
2026-03-16 06:06:07,723 [INFO] 
Время: 2026-03-16 03:00:00
2026-03-16 06:06:07,724 [INFO] MACD_prev=1850.485552, Signal_prev=2065.734962
2026-03-16 06:06:07,724 [INFO] MACD_curr=1735.372409, Signal_curr=1999.662452
2026-03-16 06:06:07,937 [INFO] Текущая позиция: short
2026-03-16 06:06:07,938 [INFO] Нового сигнала нет.
2026-03-16 06:07:07,939 [INFO] Анализ рынка...
2026-03-16 06:07:08,247 [INFO] 
Время: 2026-03-16 03:00:00
2026-03-16 06:07:08,248 [INFO] MACD_prev=1850.485552, Signal_prev=2065.734962
2026-03-16 06:07:08,248 [INFO] MACD_curr=1735.613984, Signal_curr=1999.710767
2026-03-16 06:07:08,462 [INFO] Текущая позиция: short
2026-03-16 06:07:08,463 [INFO] Нового сигнала нет.
2026-03-16 06:08:08,464 [INFO] Анализ рынка...
2026-03-16 06:08:08,801 [INFO] 
Время: 2026-03-16 03:00:00
2026-03-16 06:08:08,802 [INFO] MACD_prev=1850.485552, Signal_prev=2065.734962
2026-03-16 06:08:08,802 [INFO] MACD_curr=1735.724630, Signal_curr=1999.732896
2026-03-16 06:08:09,017 [INFO] Текущая позиция: short
2026-03-16 06:08:09,017 [INFO] Нового сигнала нет.
2026-03-16 06:09:09,018 [INFO] Анализ рынка...
2026-03-16 06:09:09,349 [INFO] 
Время: 2026-03-16 03:00:00
2026-03-16 06:09:09,349 [INFO] MACD_prev=1850.485552, Signal_prev=2065.734962
2026-03-16 06:09:09,350 [INFO] MACD_curr=1735.895387, Signal_curr=1999.767047
2026-03-16 06:09:09,564 [INFO] Текущая позиция: short
2026-03-16 06:09:09,564 [INFO] Нового сигнала нет.
2026-03-16 06:10:09,565 [INFO] Анализ рынка...
2026-03-16 06:10:09,877 [INFO] 
Время: 2026-03-16 03:00:00
2026-03-16 06:10:09,877 [INFO] MACD_prev=1850.485552, Signal_prev=2065.734962
2026-03-16 06:10:09,877 [INFO] MACD_curr=1736.402120, Signal_curr=1999.868394
2026-03-16 06:10:10,090 [INFO] Текущая позиция: short
2026-03-16 06:10:10,091 [INFO] Нового сигнала нет.
2026-03-16 06:11:10,092 [INFO] Анализ рынка...
2026-03-16 06:11:10,430 [INFO] 
Время: 2026-03-16 03:00:00
2026-03-16 06:11:10,431 [INFO] MACD_prev=1850.485552, Signal_prev=2065.734962
2026-03-16 06:11:10,431 [INFO] MACD_curr=1736.942132, Signal_curr=1999.976396
2026-03-16 06:11:10,645 [INFO] Текущая позиция: short
2026-03-16 06:11:10,645 [INFO] Нового сигнала нет.
2026-03-16 06:12:10,646 [INFO] Анализ рынка...
2026-03-16 06:12:10,949 [INFO] 
Время: 2026-03-16 03:00:00
2026-03-16 06:12:10,949 [INFO] MACD_prev=1850.485552, Signal_prev=2065.734962
2026-03-16 06:12:10,950 [INFO] MACD_curr=1737.107744, Signal_curr=2000.009519
2026-03-16 06:12:11,161 [INFO] Текущая позиция: short
2026-03-16 06:12:11,162 [INFO] Нового сигнала нет.
2026-03-16 06:13:11,163 [INFO] Анализ рынка...
2026-03-16 06:13:11,472 [INFO] 
Время: 2026-03-16 03:00:00
2026-03-16 06:13:11,473 [INFO] MACD_prev=1850.485552, Signal_prev=2065.734962
2026-03-16 06:13:11,473 [INFO] MACD_curr=1737.235794, Signal_curr=2000.035129
2026-03-16 06:13:11,705 [INFO] Текущая позиция: short
2026-03-16 06:13:11,705 [INFO] Нового сигнала нет.
2026-03-16 06:14:11,706 [INFO] Анализ рынка...
2026-03-16 06:14:12,026 [INFO] 
Время: 2026-03-16 03:00:00
2026-03-16 06:14:12,027 [INFO] MACD_prev=1850.485552, Signal_prev=2065.734962
2026-03-16 06:14:12,027 [INFO] MACD_curr=1737.378218, Signal_curr=2000.063614
2026-03-16 06:14:12,242 [INFO] Текущая позиция: short
2026-03-16 06:14:12,242 [INFO] Нового сигнала нет.
2026-03-16 06:15:12,243 [INFO] Анализ рынка...
2026-03-16 06:15:12,559 [INFO] 
Время: 2026-03-16 03:15:00
2026-03-16 06:15:12,560 [INFO] MACD_prev=1737.450657, Signal_prev=2000.077965
2026-03-16 06:15:12,560 [INFO] MACD_curr=1629.892121, Signal_curr=1926.040796
2026-03-16 06:15:12,792 [INFO] Текущая позиция: short
2026-03-16 06:15:12,792 [INFO] Нового сигнала нет.
2026-03-16 06:16:12,794 [INFO] Анализ рынка...
2026-03-16 06:16:13,084 [INFO] 
Время: 2026-03-16 03:15:00
2026-03-16 06:16:13,084 [INFO] MACD_prev=1737.450657, Signal_prev=2000.077965
2026-03-16 06:16:13,085 [INFO] MACD_curr=1629.792207, Signal_curr=1926.020813
2026-03-16 06:16:13,299 [INFO] Текущая позиция: short
2026-03-16 06:16:13,299 [INFO] Нового сигнала нет.
2026-03-16 06:17:13,300 [INFO] Анализ рынка...
2026-03-16 06:17:13,608 [INFO] 
Время: 2026-03-16 03:15:00
2026-03-16 06:17:13,609 [INFO] MACD_prev=1737.450657, Signal_prev=2000.077965
2026-03-16 06:17:13,609 [INFO] MACD_curr=1630.566607, Signal_curr=1926.175693
2026-03-16 06:17:13,825 [INFO] Текущая позиция: short
2026-03-16 06:17:13,825 [INFO] Нового сигнала нет.
2026-03-16 06:18:13,826 [INFO] Анализ рынка...
2026-03-16 06:18:15,307 [INFO] 
Время: 2026-03-16 03:15:00
2026-03-16 06:18:15,308 [INFO] MACD_prev=1737.450657, Signal_prev=2000.077965
2026-03-16 06:18:15,308 [INFO] MACD_curr=1630.771309, Signal_curr=1926.216634
2026-03-16 06:18:15,518 [INFO] Текущая позиция: short
2026-03-16 06:18:15,518 [INFO] Нового сигнала нет.
2026-03-16 06:19:15,519 [INFO] Анализ рынка...
2026-03-16 06:19:15,784 [INFO] 
Время: 2026-03-16 03:15:00
2026-03-16 06:19:15,784 [INFO] MACD_prev=1737.450657, Signal_prev=2000.077965
2026-03-16 06:19:15,784 [INFO] MACD_curr=1631.969611, Signal_curr=1926.456294
2026-03-16 06:19:15,996 [INFO] Текущая позиция: short
2026-03-16 06:19:15,997 [INFO] Нового сигнала нет.
2026-03-16 06:20:15,998 [INFO] Анализ рынка...
2026-03-16 06:20:16,406 [INFO] 
Время: 2026-03-16 03:15:00
2026-03-16 06:20:16,406 [INFO] MACD_prev=1737.450657, Signal_prev=2000.077965
2026-03-16 06:20:16,407 [INFO] MACD_curr=1632.612097, Signal_curr=1926.584791
2026-03-16 06:20:16,623 [INFO] Текущая позиция: short
2026-03-16 06:20:16,623 [INFO] Нового сигнала нет.
2026-03-16 06:21:16,624 [INFO] Анализ рынка...
2026-03-16 06:21:17,127 [INFO] 
Время: 2026-03-16 03:15:00
2026-03-16 06:21:17,128 [INFO] MACD_prev=1737.450657, Signal_prev=2000.077965
2026-03-16 06:21:17,128 [INFO] MACD_curr=1633.697955, Signal_curr=1926.801963
2026-03-16 06:21:17,338 [INFO] Текущая позиция: short
2026-03-16 06:21:17,339 [INFO] Нового сигнала нет.
2026-03-16 06:22:17,340 [INFO] Анализ рынка...
2026-03-16 06:22:17,752 [INFO] 
Время: 2026-03-16 03:15:00
2026-03-16 06:22:17,752 [INFO] MACD_prev=1737.450657, Signal_prev=2000.077965
2026-03-16 06:22:17,752 [INFO] MACD_curr=1634.666054, Signal_curr=1926.995583
2026-03-16 06:22:17,962 [INFO] Текущая позиция: short
2026-03-16 06:22:17,963 [INFO] Нового сигнала нет.
2026-03-16 06:23:17,964 [INFO] Анализ рынка...
2026-03-16 06:23:18,287 [INFO] 
Время: 2026-03-16 03:15:00
2026-03-16 06:23:18,287 [INFO] MACD_prev=1737.450657, Signal_prev=2000.077965
2026-03-16 06:23:18,287 [INFO] MACD_curr=1635.438361, Signal_curr=1927.150044
2026-03-16 06:23:18,501 [INFO] Текущая позиция: short
2026-03-16 06:23:18,501 [INFO] Нового сигнала нет.
2026-03-16 06:24:18,502 [INFO] Анализ рынка...
2026-03-16 06:24:18,817 [INFO] 
Время: 2026-03-16 03:15:00
2026-03-16 06:24:18,817 [INFO] MACD_prev=1737.450657, Signal_prev=2000.077965
2026-03-16 06:24:18,818 [INFO] MACD_curr=1637.892638, Signal_curr=1927.640900
2026-03-16 06:24:19,035 [INFO] Текущая позиция: short
2026-03-16 06:24:19,036 [INFO] Нового сигнала нет.
2026-03-16 06:25:19,037 [INFO] Анализ рынка...
2026-03-16 06:25:19,322 [INFO] 
Время: 2026-03-16 03:15:00
2026-03-16 06:25:19,322 [INFO] MACD_prev=1737.450657, Signal_prev=2000.077965
2026-03-16 06:25:19,322 [INFO] MACD_curr=1640.523506, Signal_curr=1928.167073
2026-03-16 06:25:19,531 [INFO] Текущая позиция: short
2026-03-16 06:25:19,531 [INFO] Нового сигнала нет.
2026-03-16 06:26:19,531 [INFO] Анализ рынка...
2026-03-16 06:26:19,856 [INFO] 
Время: 2026-03-16 03:15:00
2026-03-16 06:26:19,856 [INFO] MACD_prev=1737.450657, Signal_prev=2000.077965
2026-03-16 06:26:19,856 [INFO] MACD_curr=1642.468244, Signal_curr=1928.556021
2026-03-16 06:26:20,067 [INFO] Текущая позиция: short
2026-03-16 06:26:20,067 [INFO] Нового сигнала нет.
2026-03-16 06:27:20,068 [INFO] Анализ рынка...
2026-03-16 06:27:20,368 [INFO] 
Время: 2026-03-16 03:15:00
2026-03-16 06:27:20,368 [INFO] MACD_prev=1737.450657, Signal_prev=2000.077965
2026-03-16 06:27:20,368 [INFO] MACD_curr=1643.832527, Signal_curr=1928.828877
2026-03-16 06:27:20,578 [INFO] Текущая позиция: short
2026-03-16 06:27:20,579 [INFO] Нового сигнала нет.
2026-03-16 06:28:20,580 [INFO] Анализ рынка...
2026-03-16 06:28:20,816 [INFO] 
Время: 2026-03-16 03:15:00
2026-03-16 06:28:20,817 [INFO] MACD_prev=1737.450657, Signal_prev=2000.077965
2026-03-16 06:28:20,817 [INFO] MACD_curr=1644.400478, Signal_curr=1928.942468
2026-03-16 06:28:21,033 [INFO] Текущая позиция: short
2026-03-16 06:28:21,034 [INFO] Нового сигнала нет.
2026-03-16 06:29:21,034 [INFO] Анализ рынка...
2026-03-16 06:29:21,273 [INFO] 
Время: 2026-03-16 03:15:00
2026-03-16 06:29:21,273 [INFO] MACD_prev=1737.450657, Signal_prev=2000.077965
2026-03-16 06:29:21,274 [INFO] MACD_curr=1645.360823, Signal_curr=1929.134536
2026-03-16 06:29:21,488 [INFO] Текущая позиция: short
2026-03-16 06:29:21,488 [INFO] Нового сигнала нет.
2026-03-16 06:30:21,489 [INFO] Анализ рынка...
2026-03-16 06:30:21,725 [INFO] 
Время: 2026-03-16 03:30:00
2026-03-16 06:30:21,726 [INFO] MACD_prev=1646.136214, Signal_prev=1929.289557
2026-03-16 06:30:21,726 [INFO] MACD_curr=1568.020176, Signal_curr=1857.035681
2026-03-16 06:30:21,940 [INFO] Текущая позиция: short
2026-03-16 06:30:21,941 [INFO] Нового сигнала нет.
2026-03-16 06:31:21,942 [INFO] Анализ рынка...
2026-03-16 06:31:22,178 [INFO] 
Время: 2026-03-16 03:30:00
2026-03-16 06:31:22,179 [INFO] MACD_prev=1646.136214, Signal_prev=1929.289557
2026-03-16 06:31:22,179 [INFO] MACD_curr=1602.555709, Signal_curr=1863.942787
2026-03-16 06:31:22,393 [INFO] Текущая позиция: short
2026-03-16 06:31:22,394 [INFO] Нового сигнала нет.
2026-03-16 06:32:22,394 [INFO] Анализ рынка...
2026-03-16 06:32:22,627 [INFO] 
Время: 2026-03-16 03:30:00
2026-03-16 06:32:22,628 [INFO] MACD_prev=1646.136214, Signal_prev=1929.289557
2026-03-16 06:32:22,628 [INFO] MACD_curr=1612.430121, Signal_curr=1865.917670
2026-03-16 06:32:22,844 [INFO] Текущая позиция: short
2026-03-16 06:32:22,844 [INFO] Нового сигнала нет.
2026-03-16 06:33:22,845 [INFO] Анализ рынка...
2026-03-16 06:33:23,081 [INFO] 
Время: 2026-03-16 03:30:00
2026-03-16 06:33:23,081 [INFO] MACD_prev=1646.136214, Signal_prev=1929.289557
2026-03-16 06:33:23,082 [INFO] MACD_curr=1625.546798, Signal_curr=1868.541005
2026-03-16 06:33:23,309 [INFO] Текущая позиция: short
2026-03-16 06:33:23,309 [INFO] Нового сигнала нет.
2026-03-16 06:34:23,310 [INFO] Анализ рынка...
2026-03-16 06:34:23,545 [INFO] 
Время: 2026-03-16 03:30:00
2026-03-16 06:34:23,545 [INFO] MACD_prev=1646.136214, Signal_prev=1929.289557
2026-03-16 06:34:23,546 [INFO] MACD_curr=1652.159893, Signal_curr=1873.863624
2026-03-16 06:34:23,760 [INFO] Текущая позиция: short
2026-03-16 06:34:23,760 [INFO] Нового сигнала нет.
2026-03-16 06:35:23,761 [INFO] Анализ рынка...
2026-03-16 06:35:23,998 [INFO] 
Время: 2026-03-16 03:30:00
2026-03-16 06:35:23,998 [INFO] MACD_prev=1646.136214, Signal_prev=1929.289557
2026-03-16 06:35:23,999 [INFO] MACD_curr=1677.248976, Signal_curr=1878.881441
2026-03-16 06:35:24,213 [INFO] Текущая позиция: short
2026-03-16 06:35:24,213 [INFO] Нового сигнала нет.
2026-03-16 06:36:24,214 [INFO] Анализ рынка...
2026-03-16 06:36:24,451 [INFO] 
Время: 2026-03-16 03:30:00
2026-03-16 06:36:24,452 [INFO] MACD_prev=1646.136214, Signal_prev=1929.289557
2026-03-16 06:36:24,452 [INFO] MACD_curr=1687.558318, Signal_curr=1880.943309
2026-03-16 06:36:24,666 [INFO] Текущая позиция: short
2026-03-16 06:36:24,666 [INFO] Нового сигнала нет.
2026-03-16 06:37:24,667 [INFO] Анализ рынка...
2026-03-16 06:37:24,901 [INFO] 
Время: 2026-03-16 03:30:00
2026-03-16 06:37:24,902 [INFO] MACD_prev=1646.136214, Signal_prev=1929.289557
2026-03-16 06:37:24,902 [INFO] MACD_curr=1699.755290, Signal_curr=1883.382704
2026-03-16 06:37:25,116 [INFO] Текущая позиция: short
2026-03-16 06:37:25,116 [INFO] Нового сигнала нет.
2026-03-18 19:40:36,935 - INFO - Бот запущен и готов к работе.
2026-03-18 19:40:41,935 - INFO - Рабочий баланс: 2956.68713418 USDT
2026-03-18 19:40:42,184 - INFO - Успешно получены данные BTC/USDT:USDT (15m), свечей: 200
2026-03-18 19:40:42,276 - INFO - Начат анализ рынка для BTC/USDT:USDT...
2026-03-18 19:40:42,283 - INFO - Сигнал на ЛОНГ.
2026-03-18 19:40:42,284 - INFO - Анализ завершен. Текущий сигнал: LONG
2026-03-18 19:40:42,285 - INFO - Открыта позиция BUY по BTC/USDT:USDT. Объем: 0.01 BTC
2026-03-18 19:41:42,680 - INFO - Успешно получены данные BTC/USDT:USDT (15m), свечей: 200
2026-03-18 19:41:42,692 - INFO - Начат анализ рынка для BTC/USDT:USDT...
2026-03-18 19:41:42,697 - INFO - Сигнал на ЛОНГ.
2026-03-18 19:41:42,697 - INFO - Анализ завершен. Текущий сигнал: LONG
2026-03-18 19:41:42,698 - INFO - Открыта позиция BUY по BTC/USDT:USDT. Объем: 0.01 BTC
2026-03-18 19:42:43,212 - INFO - Успешно получены данные BTC/USDT:USDT (15m), свечей: 200
2026-03-18 19:42:43,215 - INFO - Начат анализ рынка для BTC/USDT:USDT...
2026-03-18 19:42:43,217 - INFO - Сигнал на ЛОНГ.
2026-03-18 19:42:43,217 - INFO - Анализ завершен. Текущий сигнал: LONG
2026-03-18 19:42:43,217 - INFO - Открыта позиция BUY по BTC/USDT:USDT. Объем: 0.01 BTC
2026-03-18 19:43:43,911 - INFO - Успешно получены данные BTC/USDT:USDT (15m), свечей: 200
2026-03-18 19:43:43,918 - INFO - Начат анализ рынка для BTC/USDT:USDT...
2026-03-18 19:43:43,920 - INFO - Сигнал на ЛОНГ.
2026-03-18 19:43:43,920 - INFO - Анализ завершен. Текущий сигнал: LONG
2026-03-18 19:43:43,920 - INFO - Открыта позиция BUY по BTC/USDT:USDT. Объем: 0.01 BTC
2026-03-18 19:44:44,250 - INFO - Успешно получены данные BTC/USDT:USDT (15m), свечей: 200
2026-03-18 19:44:44,253 - INFO - Начат анализ рынка для BTC/USDT:USDT...
2026-03-18 19:44:44,254 - INFO - Сигнал на ЛОНГ.
2026-03-18 19:44:44,255 - INFO - Анализ завершен. Текущий сигнал: LONG
2026-03-18 19:44:44,255 - INFO - Открыта позиция BUY по BTC/USDT:USDT. Объем: 0.01 BTC
2026-03-18 19:54:32,687 - INFO - Бот запущен и готов к работе.
2026-03-18 19:54:36,430 - INFO - Рабочий баланс: 2982.13901058 USDT
2026-03-18 19:54:36,722 - INFO - Успешно получены данные BTC/USDT:USDT (15m), свечей: 200
2026-03-18 19:54:36,747 - INFO - Начат анализ рынка для BTC/USDT:USDT...
2026-03-18 19:54:36,749 - INFO - Сигнал на ЛОНГ.
2026-03-18 19:54:36,749 - INFO - Анализ завершен. Текущий сигнал: LONG
2026-03-18 19:54:36,749 - INFO - Открыта позиция BUY по BTC/USDT:USDT. Объем: 0.01 BTC
2026-03-18 19:55:36,974 - INFO - Успешно получены данные BTC/USDT:USDT (15m), свечей: 200
2026-03-18 19:55:36,992 - INFO - Начат анализ рынка для BTC/USDT:USDT...
2026-03-18 19:55:37,004 - INFO - Сигнал на ЛОНГ.
2026-03-18 19:55:37,005 - INFO - Анализ завершен. Текущий сигнал: LONG
2026-03-18 19:55:37,009 - INFO - Открыта позиция BUY по BTC/USDT:USDT. Объем: 0.01 BTC
2026-03-18 19:56:37,232 - INFO - Успешно получены данные BTC/USDT:USDT (15m), свечей: 200
2026-03-18 19:56:37,241 - INFO - Начат анализ рынка для BTC/USDT:USDT...
2026-03-18 19:56:37,245 - INFO - Сигнал на ЛОНГ.
2026-03-18 19:56:37,245 - INFO - Анализ завершен. Текущий сигнал: LONG
2026-03-18 19:56:37,246 - INFO - Открыта позиция BUY по BTC/USDT:USDT. Объем: 0.01 BTC
2026-03-18 19:57:37,469 - INFO - Успешно получены данные BTC/USDT:USDT (15m), свечей: 200
2026-03-18 19:57:37,478 - INFO - Начат анализ рынка для BTC/USDT:USDT...
2026-03-18 19:57:37,483 - INFO - Сигнал на ЛОНГ.
2026-03-18 19:57:37,483 - INFO - Анализ завершен. Текущий сигнал: LONG
2026-03-18 19:57:37,484 - INFO - Открыта позиция BUY по BTC/USDT:USDT. Объем: 0.01 BTC
2026-03-18 19:58:40,852 - INFO - Бот запущен и готов к работе.
2026-03-18 19:58:44,924 - INFO - Рабочий баланс: 2982.13901058 USDT
2026-03-18 19:58:45,156 - INFO - Успешно получены данные BTC/USDT:USDT (15m), свечей: 200
2026-03-18 19:58:45,159 - INFO - Начат анализ рынка для BTC/USDT:USDT...
2026-03-18 19:58:45,160 - INFO - Сигнал на ЛОНГ.
2026-03-18 19:58:45,160 - INFO - Анализ завершен. Текущий сигнал: LONG
2026-03-18 19:58:45,160 - INFO - Открыта позиция BUY по BTC/USDT:USDT. Объем: 0.01 BTC
2026-03-18 19:59:45,387 - INFO - Успешно получены данные BTC/USDT:USDT (15m), свечей: 200
2026-03-18 19:59:45,389 - INFO - Начат анализ рынка для BTC/USDT:USDT...
2026-03-18 19:59:45,391 - INFO - Сигнал на ЛОНГ.
2026-03-18 19:59:45,391 - INFO - Анализ завершен. Текущий сигнал: LONG
2026-03-18 19:59:45,391 - INFO - Открыта позиция BUY по BTC/USDT:USDT. Объем: 0.01 BTC
2026-03-18 20:43:55,627 - INFO - Бот запущен и готов к работе.
2026-03-18 20:43:59,175 - INFO - Рабочий баланс: 2982.13901058 USDT
2026-03-18 20:43:59,407 - INFO - Успешно получены данные BTC/USDT:USDT (15m), свечей: 200
2026-03-18 20:43:59,413 - INFO - Начат анализ рынка для BTC/USDT:USDT...
2026-03-18 20:43:59,414 - INFO - Сигнал на ЛОНГ.
2026-03-18 20:43:59,414 - INFO - Анализ завершен. Текущий сигнал: LONG
2026-03-18 20:43:59,628 - ERROR - Ошибка при попытке open позиции BUY по BTC/USDT:USDT: bybit {"retCode":10001,"retMsg":"Side invalid","result":{},"retExtInfo":{},"time":1773855839521}
2026-03-18 20:49:11,021 - INFO - Бот запущен и готов к работе.
2026-03-18 20:49:15,942 - INFO - Рабочий баланс: 2982.13901058 USDT
2026-03-18 20:49:16,189 - INFO - Успешно получены данные BTC/USDT:USDT (15m), свечей: 200
2026-03-18 20:49:16,202 - INFO - Начат анализ рынка для BTC/USDT:USDT...
2026-03-18 20:49:16,205 - INFO - Сигнал на ЛОНГ.
2026-03-18 20:49:16,205 - INFO - Анализ завершен. Текущий сигнал: LONG
2026-03-18 20:49:16,205 - ERROR - Глобальная ошибка в цикле: execute_trade() missing 1 required positional argument: 'amount'
2026-03-18 20:50:10,066 - INFO - Бот запущен и готов к работе.
2026-03-18 20:50:18,368 - INFO - Рабочий баланс: 2982.13901058 USDT
2026-03-18 20:50:18,607 - INFO - Успешно получены данные BTC/USDT:USDT (15m), свечей: 200
2026-03-18 20:50:18,618 - INFO - Начат анализ рынка для BTC/USDT:USDT...
2026-03-18 20:50:18,621 - INFO - Сигнал на ЛОНГ.
2026-03-18 20:50:18,621 - INFO - Анализ завершен. Текущий сигнал: LONG
2026-03-18 20:50:18,837 - ERROR - Ошибка при попытке open позиции BUY по BTC/USDT:USDT: bybit {"retCode":10001,"retMsg":"Side invalid","result":{},"retExtInfo":{},"time":1773856218728}
2026-03-18 20:53:27,586 - INFO - Бот запущен и готов к работе.
2026-03-18 20:53:32,704 - INFO - Рабочий баланс: 2982.13901058 USDT
2026-03-18 20:53:32,942 - INFO - Успешно получены данные BTC/USDT:USDT (15m), свечей: 200
2026-03-18 20:53:32,954 - INFO - Начат анализ рынка для BTC/USDT:USDT...
2026-03-18 20:53:32,957 - INFO - Сигнал на ЛОНГ.
2026-03-18 20:53:32,958 - INFO - Анализ завершен. Текущий сигнал: LONG
2026-03-18 20:53:32,958 - ERROR - Глобальная ошибка в цикле: execute_trade() missing 1 required positional argument: 'amount'
2026-03-18 21:09:24,143 - INFO - Бот запущен и готов к работе.
2026-03-18 21:09:29,977 - INFO - Рабочий баланс: 2982.13901058 USDT
2026-03-18 21:09:30,201 - INFO - Успешно получены данные BTC/USDT:USDT (15m), свечей: 200
2026-03-18 21:09:30,226 - INFO - Начат анализ рынка для BTC/USDT:USDT...
2026-03-18 21:09:30,228 - INFO - Сигнал на ЛОНГ.
2026-03-18 21:09:30,228 - INFO - Анализ завершен. Текущий сигнал: LONG
2026-03-18 21:09:30,229 - ERROR - Глобальная ошибка в цикле: open_position() got an unexpected keyword argument 'action'
2026-03-18 21:17:20,127 - INFO - Бот запущен и готов к работе.
2026-03-18 21:17:25,686 - INFO - Рабочий баланс: 2982.13901058 USDT
2026-03-18 21:17:25,925 - INFO - Успешно получены данные BTC/USDT:USDT (15m), свечей: 200
2026-03-18 21:17:25,934 - INFO - Начат анализ рынка для BTC/USDT:USDT...
2026-03-18 21:17:25,936 - INFO - Сигнал на ЛОНГ.
2026-03-18 21:17:25,936 - INFO - Анализ завершен. Текущий сигнал: LONG
2026-03-18 21:17:25,936 - INFO - Открываю long позицию (buy) по рынку, 0.01 BTC...
2026-03-18 21:17:26,163 - INFO - Ордер на открытие отправлен.
2026-03-18 21:17:26,164 - INFO - ОТКРЫТА ПОЗИЦИЯ: LONG | Символ: BTC/USDT:USDT | Объем: 0.01
2026-03-18 21:18:26,401 - INFO - Успешно получены данные BTC/USDT:USDT (15m), свечей: 200
2026-03-18 21:18:26,408 - INFO - Начат анализ рынка для BTC/USDT:USDT...
2026-03-18 21:18:26,411 - INFO - Сигнал на ЛОНГ.
2026-03-18 21:18:26,412 - INFO - Анализ завершен. Текущий сигнал: LONG
2026-03-18 21:18:26,412 - INFO - Открываю long позицию (buy) по рынку, 0.01 BTC...
2026-03-18 21:18:26,643 - INFO - Ордер на открытие отправлен.
2026-03-18 21:18:26,644 - INFO - ОТКРЫТА ПОЗИЦИЯ: LONG | Символ: BTC/USDT:USDT | Объем: 0.01
2026-03-20 21:14:31,952 - [__main__] - INFO - Бот запущен и готов к работе.
2026-03-20 21:14:31,998 - [__main__] - INFO - Режим Demo-торговли Bybit активирован.
2026-03-20 21:14:32,001 - [__main__] - INFO - Запуск основного торгового цикла...
2026-03-20 21:14:32,806 - [info_in_telegram] - INFO - Уведомление в Telegram доставлено через HTTP-прокси
2026-03-20 21:14:36,152 - [__main__] - INFO - Успешно получены данные BTC/USDT:USDT (15m), свечей: 200
2026-03-20 21:14:36,174 - [__main__] - INFO - Сигнала нет, ждем...
2026-03-20 21:14:45,217 - [__main__] - INFO - Бот остановлен пользователем. Удачного профита!
